"Campaign name","Ad set name","Ad name",Day,"Delivery status","Delivery level",Reach,Impressions,Frequency,"Attribution setting","Result type",Results,"Amount spent (JPY)","Cost per result",Starts,Ends,"Purchases rate per link clicks","Purchases rate per landing page views","CPC (cost per link click)","CPM (cost per 1,000 impressions)","Cost per purchase",Purchases,"Link clicks","Cost per unique link click","Cost per add to cart","Cost per checkout initiated","Landing page views","Cost per landing page view","Landing page views rate per link clicks","Unique link clicks","Unique CTR (link click-through rate)","Adds to cart","Checkouts initiated",Leads,"Cost per lead","Result rate",Views,Viewers,"Results rate per link clicks","Ad Delivery","Campaign Delivery","Ad set delivery","Quality ranking","Engagement rate ranking","Video average play time","Video plays at 25%","Video plays at 50%","Video plays at 75%","Video plays at 95%","Video plays at 100%","Cost per 3-second video play","Cost per ThruPlay","Outbound clicks","Unique outbound clicks","CTR (link click-through rate)","Outbound CTR (click-through rate)","Unique outbound CTR (click-through rate)","Unique CTR (all)","Unique clicks (all)","Instagram profile visits","Ad recall lift","Ad recall lift rate",Bid,"Bid type","Buying type","Performance goal",Objective,"Reporting starts","Reporting ends","Campaign Budget","Campaign Budget Type"
"New Advantage + With Campaigns","Japan Broad Targeting","Video 127 - Copy 2",2026-02-04,active,ad,2464,2702,1.09659091,"7-day click, 1-day view, or 1-day engaged-view","Website purchases",1,3043,3043,2026-02-02,Ongoing,1.12359551,1.44927536,34.19101124,1126.20281273,3043,1,89,41.68493151,3043,3043,69,44.10144928,77.52808989,73,2.96266234,1,1,36,84.52777778,0.03700962,2801,2285,1.12359551,active,active,active,Average,"Above average",7,590,440,305,245,238,3.46188851,9.13813814,89,73,3.2938564,3.2938564,2.96266234,5.11363636,126,11,,,,ABSOLUTE_OCPM,AUCTION,Conversions,Sales,2026-02-04,2026-02-04,30000,Daily
"New Advantage + With Campaigns","Japan Broad Targeting","New Poster",2026-02-04,active,ad,21876,25287,1.1559243,"7-day click, 1-day view, or 1-day engaged-view","Website purchases",5,18158,3631.6,2026-02-02,Ongoing,1.13636364,1.19904077,41.26818182,718.07648199,3631.6,5,440,45.28179551,3631.6,4539.5,417,43.54436451,94.77272727,401,1.83305906,5,4,158,114.92405063,0.01977301,25451,21294,1.13636364,active,active,active,-,-,8,1563,634,391,144,118,2.80302563,8.15356982,446,401,1.74002452,1.76375213,1.83305906,3.38270251,740,330,,,,ABSOLUTE_OCPM,AUCTION,Conversions,Sales,2026-02-04,2026-02-04,30000,Daily
"ABOS Traffic 2.0","JD Deep Interest","JD Desk - Red Curtain - Copy",2026-02-04,active,ad,16,16,1,"7-day click or 1-day view","Landing page views",1,0,0,2026-01-09,Ongoing,0,0,0,0,,,1,0,,,1,0,100,1,6.25,,,,,6.25,16,16,100,active,active,active,-,-,,,,,,,,,1,1,6.25,6.25,6.25,6.25,1,0,,,,ABSOLUTE_OCPM,AUCTION,"Landing Page Views",Traffic,2026-02-04,2026-02-04,50000,Daily
"ABOS Traffic 2.0","JD Deep Interest","JD Konnichiwa Video - Copy",2026-02-04,active,ad,9348,9641,1.0313436,"7-day click or 1-day view","Landing page views",410,3883,9.47073171,2026-01-09,Ongoing,0,0,8.59070796,402.75904989,,,452,8.96766744,,,410,9.47073171,90.7079646,433,4.63200685,,,35,110.94285714,4.25267088,9418,8879,90.7079646,active,active,active,Average,"Above average",10,895,354,225,70,51,0.94707317,3.02886115,452,433,4.68831034,4.68831034,4.63200685,6.30081301,589,140,,,,ABSOLUTE_OCPM,AUCTION,"Landing Page Views",Traffic,2026-02-04,2026-02-04,50000,Daily
"New Advantage + With Campaigns","Japan Broad Targeting",0202-video-JP-edit,2026-02-04,active,ad,25,35,1.4,"7-day click, 1-day view, or 1-day engaged-view",,,56,,2026-02-02,Ongoing,0,0,,1600,,,,,,,,,0,,,,,,,,32,25,,active,active,active,-,-,6,4,5,4,4,4,5.6,14,,,,,,4,1,2,,,,ABSOLUTE_OCPM,AUCTION,Conversions,Sales,2026-02-04,2026-02-04,30000,Daily
"ABOS Traffic 2.0","JD Deep Interest","JD with Skull Confetti - Copy",2026-02-04,active,ad,34,34,1,"7-day click or 1-day view",,,3,,2026-01-09,Ongoing,0,0,,88.23529412,,,,,,,,,0,,,,,,,,34,34,,active,active,active,-,-,,,,,,,,,,,,,,0,0,0,,,,ABSOLUTE_OCPM,AUCTION,"Landing Page Views",Traffic,2026-02-04,2026-02-04,50000,Daily
"Sales - Copy","Custom Audience (Video + Interaction + LP)","Opening Weekend Video - Copy 2",2026-02-04,not_delivering,ad,0,0,0,"7-day click or 1-day view","Website purchases",1,0,0,2026-01-26,Ongoing,0,0,,,0,1,,,0,0,,,0,,,1,1,2,0,,0,0,,not_delivering,inactive,not_delivering,-,-,,,,,,,,,,,,,,,0,0,,,1500,ABSOLUTE_OCPM,AUCTION,Conversions,Sales,2026-02-04,2026-02-04,100000,Daily
"Awareness 2.0","Tokyo & Kanagawa Broad","JD - Something Inspires Vid",2026-02-04,active,ad,1485,1525,1.02693603,"7-day click or 1-day view",Reach,1485,139,93.6026936,2026-01-19,Ongoing,0,0,,91.14754098,,,,,,,,,0,,,,,,,97.37704918,1587,1301,,active,active,active,"Above average",-,2,16,6,4,3,2,0.6123348,8.6875,,,,,,0,0,0,,,,ABSOLUTE_OCPM,AUCTION,Reach,Awareness,2026-02-04,2026-02-04,20000,Daily
"ABOS Traffic 2.0","Broad Japan","JD with Skull Confetti - Copy",2026-02-04,active,ad,6,6,1,"7-day click or 1-day view","Landing page views",1,0,0,2026-01-09,Ongoing,0,0,0,0,,,1,0,,,1,0,100,1,16.66666667,,,,,16.66666667,6,6,100,active,active,active,-,-,,,,,,,,,1,1,16.66666667,16.66666667,16.66666667,16.66666667,1,0,,,,ABSOLUTE_OCPM,AUCTION,"Landing Page Views",Traffic,2026-02-04,2026-02-04,50000,Daily
"Sales - Copy","Custom Audience (Video + Interaction + LP)","Black and white photo - Copy",2026-02-04,not_delivering,ad,0,0,0,"7-day click or 1-day view",,,0,,2026-01-26,Ongoing,0,0,,,,,,,,,,,0,,,,,2,0,,0,0,,not_delivering,inactive,not_delivering,-,-,,,,,,,,,,,,,,,0,0,,,1500,ABSOLUTE_OCPM,AUCTION,Conversions,Sales,2026-02-04,2026-02-04,100000,Daily
"Sales - Copy","Custom Audience (Video + Interaction + LP)","Flexible 3 Groups",2026-02-04,not_delivering,ad,0,0,0,"7-day click or 1-day view","Website purchases",1,0,0,2026-01-26,Ongoing,0,0,,,0,1,,,0,0,,,0,,,1,1,2,0,,0,0,,not_delivering,inactive,not_delivering,-,-,,,,,,,,,,,,,,,0,0,,,1500,ABSOLUTE_OCPM,AUCTION,Conversions,Sales,2026-02-04,2026-02-04,100000,Daily
"New Advantage + With Campaigns","Japan Broad Targeting","Opening Weekend Video - Copy 2",2026-02-04,active,ad,5328,5360,1.00600601,"7-day click, 1-day view, or 1-day engaged-view",,,4180,,2026-02-02,Ongoing,0,0,34.26229508,779.85074627,,,122,36.03448276,2090,2090,110,38,90.16393443,116,2.17717718,2,2,28,149.28571429,,5356,5046,,active,active,active,Average,"Above average",9,618,306,198,119,111,2.09734069,6.21099554,122,116,2.2761194,2.2761194,2.17717718,5.12387387,273,64,,,,ABSOLUTE_OCPM,AUCTION,Conversions,Sales,2026-02-04,2026-02-04,30000,Daily
"New Advantage + With Campaigns","Japan Broad Targeting","Video 1007 - Copy 2",2026-02-04,active,ad,81,94,1.16049383,"7-day click, 1-day view, or 1-day engaged-view",,,175,,2026-02-02,Ongoing,0,0,58.33333333,1861.70212766,,,3,87.5,,,1,175,33.33333333,2,2.4691358,,,,,,86,71,,active,active,active,-,-,11,17,11,6,4,2,4.72972973,10.29411765,3,2,3.19148936,3.19148936,2.4691358,3.7037037,3,0,,,,ABSOLUTE_OCPM,AUCTION,Conversions,Sales,2026-02-04,2026-02-04,30000,Daily
"Sales - Copy","Zaiko + InBound (English) - Copy","Poster [Redirect link]",2026-02-04,not_delivering,ad,0,0,0,"7-day click or 1-day view",,,0,,2026-01-28,Ongoing,0,0,,,,,,,,,,,0,,,,,1,0,,0,0,,not_delivering,inactive,not_delivering,-,-,,,,,,,,,,,,,,,0,0,,,1500,ABSOLUTE_OCPM,AUCTION,Conversions,Sales,2026-02-04,2026-02-04,100000,Daily
"ABOS Traffic 2.0","Broad Japan","JD Spray Painting Ground",2026-02-04,active,ad,2006,2050,1.0219342,"7-day click or 1-day view","Landing page views",60,496,8.26666667,2026-01-09,Ongoing,0,0,8.70175439,241.95121951,,,57,8.70175439,,,60,8.26666667,105.26315789,57,2.84147557,,,1,496,2.92682927,2041,2005,105.26315789,active,active,active,-,-,,,,,,,,,57,57,2.7804878,2.7804878,2.84147557,3.14057827,63,2,,,,ABSOLUTE_OCPM,AUCTION,"Landing Page Views",Traffic,2026-02-04,2026-02-04,50000,Daily
"ABOS Traffic 2.0","Broad Japan","Hello Tokyo - Copy",2026-02-04,active,ad,2,2,1,"7-day click or 1-day view",,,0,,2026-01-09,Ongoing,0,0,,0,,,,,,,,,0,,,,,1,0,,2,2,,active,active,active,-,-,,,,,,,,,,,,,,0,0,0,,,,ABSOLUTE_OCPM,AUCTION,"Landing Page Views",Traffic,2026-02-04,2026-02-04,50000,Daily
"Awareness 2.0","Tokyo & Kanagawa Broad","Immersive Experience [Post]",2026-02-04,active,ad,18657,19786,1.06051348,"7-day click or 1-day view",Reach,18657,1740,93.26258241,2026-01-19,Ongoing,0,0,87,87.94096836,,,20,87,,,8,217.5,40,20,0.10719837,,,,,94.29394521,19563,18657,93285,active,active,active,Average,-,,,,,,,,,20,20,0.10108157,0.10108157,0.10719837,0.17151739,32,0,,,,ABSOLUTE_OCPM,AUCTION,Reach,Awareness,2026-02-04,2026-02-04,20000,Daily
"Awareness 2.0","Tokyo & Kanagawa Broad","JD Konnichiwa Vid",2026-02-04,active,ad,25617,26884,1.04945934,"7-day click or 1-day view",Reach,25617,2515,98.17699184,2026-01-19,Ongoing,0,0,193.46153846,93.55006695,,,13,193.46153846,,,12,209.58333333,92.30769231,13,0.05074755,,,,,95.28715965,24978,22317,197053.84615385,active,active,active,"Above average",-,2,262,82,41,20,16,0.66551998,5.86247086,13,13,0.0483559,0.0483559,0.05074755,0.58945232,151,0,,,,ABSOLUTE_OCPM,AUCTION,Reach,Awareness,2026-02-04,2026-02-04,20000,Daily
"ABOS Traffic 2.0","JD Deep Interest","Hello Tokyo - Copy",2026-02-04,active,ad,10,10,1,"7-day click or 1-day view","Landing page views",1,2,2,2026-01-09,Ongoing,0,0,2,200,,,1,2,,,1,2,100,1,10,,,,,10,10,10,100,active,active,active,-,-,,,,,,,,,1,1,10,10,10,10,1,0,,,,ABSOLUTE_OCPM,AUCTION,"Landing Page Views",Traffic,2026-02-04,2026-02-04,50000,Daily
"New Advantage + With Campaigns","Japan Broad Targeting","JD Konnichiwa Video - Copy",2026-02-04,active,ad,3291,3489,1.06016408,"7-day click, 1-day view, or 1-day engaged-view",,,2401,,2026-02-02,Ongoing,0,0,38.72580645,688.16279736,,,62,41.39655172,,,59,40.69491525,95.16129032,58,1.76238225,,,22,109.13636364,,3505,3260,,active,active,active,Average,"Above average",8,113,57,35,12,5,6.57808219,15.29299363,61,57,1.77701347,1.74835196,1.73199635,3.3120632,109,24,,,,ABSOLUTE_OCPM,AUCTION,Conversions,Sales,2026-02-04,2026-02-04,30000,Daily
"Awareness 2.0","Tokyo & Kanagawa Broad",jd-bw-photo,2026-02-04,active,ad,11035,11440,1.0367014,"7-day click or 1-day view",Reach,11035,977,88.53647485,2026-01-19,Ongoing,0,0,108.55555556,85.4020979,,,9,108.55555556,,,4,244.25,44.44444444,9,0.08155868,,,,,96.45979021,11324,11035,122611.11111111,active,active,active,-,-,,,,,,,,,9,9,0.07867133,0.07867133,0.08155868,0.1087449,12,0,,,,ABSOLUTE_OCPM,AUCTION,Reach,Awareness,2026-02-04,2026-02-04,20000,Daily
"ABOS Traffic 2.0","JD Deep Interest","JD with Skeleton Confetti",2026-02-04,active,ad,110,113,1.02727273,"7-day click or 1-day view","Landing page views",2,26,13,2026-01-09,Ongoing,0,0,13,230.08849558,,,2,13,,,2,13,100,2,1.81818182,,,,,1.7699115,111,110,100,active,active,active,-,-,,,,,,,,,2,2,1.7699115,1.7699115,1.81818182,3.63636364,4,0,,,,ABSOLUTE_OCPM,AUCTION,"Landing Page Views",Traffic,2026-02-04,2026-02-04,50000,Daily
"ABOS Traffic 2.0","Broad Japan","JD Konnichiwa Video - Copy",2026-02-04,active,ad,54900,55112,1.00386157,"7-day click or 1-day view","Landing page views",2385,24077,10.0951782,2026-01-09,Ongoing,0,0,9.1373814,436.87400203,,,2635,9.34303454,24077,,2385,10.0951782,90.51233397,2577,4.69398907,1,,227,106.0660793,4.32755117,53450,50912,90.51233397,active,active,active,"Above average","Above average",8,5203,2044,1245,446,317,1.02853603,3.27044281,2635,2577,4.78117288,4.78117288,4.69398907,6.76684882,3715,855,,,,ABSOLUTE_OCPM,AUCTION,"Landing Page Views",Traffic,2026-02-04,2026-02-04,50000,Daily
"Sales - Copy","Custom Audience (Video + Interaction + LP)","Poster [Redirect link] + related Media",2026-02-04,not_delivering,ad,0,0,0,"7-day click or 1-day view","Website purchases",1,0,0,2026-01-26,Ongoing,0,0,,,0,1,,,0,0,,,0,,,1,1,,,,0,0,,not_delivering,inactive,not_delivering,-,-,,,,,,,,,,,,,,,0,0,,,1500,ABSOLUTE_OCPM,AUCTION,Conversions,Sales,2026-02-04,2026-02-04,100000,Daily
"ABOS Traffic 2.0","Broad Japan","JD Desk - Red Curtain - Copy",2026-02-04,active,ad,14,14,1,"7-day click or 1-day view","Landing page views",1,0,0,2026-01-09,Ongoing,0,0,0,0,,,1,0,,,1,0,100,1,7.14285714,,,,,7.14285714,14,14,100,active,active,active,-,-,,,,,,,,,1,1,7.14285714,7.14285714,7.14285714,7.14285714,1,0,,,,ABSOLUTE_OCPM,AUCTION,"Landing Page Views",Traffic,2026-02-04,2026-02-04,50000,Daily
"New Advantage + With Campaigns","Japan Broad Targeting","AR Experience",2026-02-04,active,ad,4067,5000,1.22940743,"7-day click, 1-day view, or 1-day engaged-view",,,5451,,2026-02-02,Ongoing,0,0,61.24719101,1090.2,,,89,67.2962963,5451,5451,77,70.79220779,86.51685393,81,1.99164003,1,1,26,209.65384615,,4985,3844,,active,active,active,Average,"Above average",9,1055,493,280,198,188,2.5108245,9.00991736,89,81,1.78,1.78,1.99164003,4.32751414,176,51,,,,ABSOLUTE_OCPM,AUCTION,Conversions,Sales,2026-02-04,2026-02-04,30000,Daily
"ABOS Traffic 2.0","JD Deep Interest","JD Photograph with graphics - Copy",2026-02-04,active,ad,1691,1776,1.05026611,"7-day click or 1-day view","Landing page views",29,406,14,2026-01-09,Ongoing,0,0,12.6875,228.6036036,,,32,12.6875,,,29,14,90.625,32,1.89237138,,,2,203,1.63288288,1769,1688,90.625,active,active,active,-,-,,,,,,,,,32,32,1.8018018,1.8018018,1.89237138,7.51034891,127,0,,,,ABSOLUTE_OCPM,AUCTION,"Landing Page Views",Traffic,2026-02-04,2026-02-04,50000,Daily
"Awareness 2.0","Tokyo & Kanagawa Broad","Opening Day Line Vid [Post]",2026-02-04,active,ad,27202,27924,1.02654217,"7-day click or 1-day view",Reach,27202,2620,96.31644732,2026-01-19,Ongoing,0,0,436.66666667,93.82609941,,,6,436.66666667,,,4,655,66.66666667,6,0.0220572,,,1,2620,97.41441054,26029,23791,453366.66666667,active,active,active,Average,-,3,1006,280,127,81,76,0.4935016,4.57242583,6,6,0.02148689,0.02148689,0.0220572,0.26836262,73,0,,,,ABSOLUTE_OCPM,AUCTION,Reach,Awareness,2026-02-04,2026-02-04,20000,Daily
"New Advantage + With Campaigns","Japan Broad Targeting","JD Video 121 - Copy 2",2026-02-04,active,ad,4134,4594,1.11127238,"7-day click, 1-day view, or 1-day engaged-view","Website purchases",3,3459,1153,2026-02-02,Ongoing,3.94736842,4.76190476,45.51315789,752.93861559,1153,3,76,51.62686567,3459,3459,63,54.9047619,82.89473684,67,1.62070634,1,1,35,98.82857143,0.06530257,4682,3993,3.94736842,active,active,active,Average,"Above average",5,746,503,399,269,248,2.72576832,7.61894273,76,67,1.65433174,1.65433174,1.62070634,2.99951621,124,41,,,,ABSOLUTE_OCPM,AUCTION,Conversions,Sales,2026-02-04,2026-02-04,30000,Daily
"ABOS Traffic 2.0","JD Deep Interest","Black and white photo",2026-02-04,active,ad,38013,39533,1.03998632,"7-day click or 1-day view","Landing page views",1191,13119,11.01511335,2026-01-09,Ongoing,0,0,9.84171043,331.84934106,,,1333,10.30557738,,,1191,11.01511335,89.34733683,1273,3.34885434,,,80,163.9875,3.01267296,39356,36751,89.34733683,active,active,active,-,-,6,1568,568,350,139,108,1.35807453,5.39876543,1333,1273,3.37186654,3.37186654,3.34885434,4.97461395,1891,420,,,,ABSOLUTE_OCPM,AUCTION,"Landing Page Views",Traffic,2026-02-04,2026-02-04,50000,Daily
"Sales - Copy","Custom Audience (Video + Interaction + LP)","JD sitting desk - Copy",2026-02-04,not_delivering,ad,0,0,0,"7-day click or 1-day view",,,0,,2026-01-26,Ongoing,0,0,,,,,,,,,,,0,,,,,1,0,,0,0,,not_delivering,inactive,not_delivering,-,-,,,,,,,,,,,,,,,0,0,,,1500,ABSOLUTE_OCPM,AUCTION,Conversions,Sales,2026-02-04,2026-02-04,100000,Daily
"ABOS Traffic 2.0","JD Deep Interest","JD Photography - Copy 2",2026-02-04,active,ad,4244,4372,1.03016023,"7-day click or 1-day view","Landing page views",95,1066,11.22105263,2026-01-09,Ongoing,0,0,9.69090909,243.82433669,,,110,9.69090909,,,95,11.22105263,86.36363636,110,2.59189444,,,4,266.5,2.17291857,4349,4244,86.36363636,active,active,active,-,-,,,,,,,,,110,110,2.51601098,2.51601098,2.59189444,2.80395853,119,4,,,,ABSOLUTE_OCPM,AUCTION,"Landing Page Views",Traffic,2026-02-04,2026-02-04,50000,Daily
"ABOS Traffic 2.0","Broad Japan","JD Painting with Graphic - Copy",2026-02-04,active,ad,20,20,1,"7-day click or 1-day view",,,3,,2026-01-09,Ongoing,0,0,,150,,,,,,,,,0,,,,,,,,20,20,,active,active,active,-,-,,,,,,,,,,,,,,0,0,0,,,,ABSOLUTE_OCPM,AUCTION,"Landing Page Views",Traffic,2026-02-04,2026-02-04,50000,Daily
"ABOS Traffic 2.0","Broad Japan","JD with Skeleton Confetti",2026-02-04,active,ad,11,11,1,"7-day click or 1-day view",,,3,,2026-01-09,Ongoing,0,0,,272.72727273,,,,,,,,,0,,,,,,,,8,8,,active,active,active,-,-,,,,,,,,,,,,,,0,0,0,,,,ABSOLUTE_OCPM,AUCTION,"Landing Page Views",Traffic,2026-02-04,2026-02-04,50000,Daily
"ABOS Traffic 2.0","JD Deep Interest","JD Painting with Graphic - Copy",2026-02-03,active,ad,1,1,1,"7-day click or 1-day view",,,0,,2026-01-09,Ongoing,0,0,,0,,,,,,,,,0,,,,,,,,1,1,,active,active,active,-,-,,,,,,,,,,,,,,0,0,0,,,,ABSOLUTE_OCPM,AUCTION,"Landing Page Views",Traffic,2026-02-03,2026-02-03,50000,Daily
"Sales - Copy","Custom Audience (Video + Interaction + LP)","JD Konnichiwa Video",2026-02-03,not_delivering,ad,0,0,0,"7-day click or 1-day view",,,0,,2026-01-26,Ongoing,0,0,,,,,,,,,,,0,,,,,8,0,,0,0,,not_delivering,inactive,not_delivering,-,-,,,,,,,,,,,,,,,0,0,,,1500,ABSOLUTE_OCPM,AUCTION,Conversions,Sales,2026-02-03,2026-02-03,100000,Daily
"ABOS Traffic 2.0","JD Deep Interest","JD with Skull Confetti - Copy",2026-02-03,active,ad,22,22,1,"7-day click or 1-day view",,,1,,2026-01-09,Ongoing,0,0,,45.45454545,,,,,,,,,0,,,,,,,,22,22,,active,active,active,-,-,,,,,,,,,,,,,,0,0,0,,,,ABSOLUTE_OCPM,AUCTION,"Landing Page Views",Traffic,2026-02-03,2026-02-03,50000,Daily
"Sales - Copy","Custom Audience (Video + Interaction + LP)","Opening Weekend Video - Copy 2",2026-02-03,not_delivering,ad,0,0,0,"7-day click or 1-day view",,,0,,2026-01-26,Ongoing,0,0,,,,,,,,,,,0,,,,,4,0,,0,0,,not_delivering,inactive,not_delivering,-,-,,,,,,,,,,,,,,,0,0,,,1500,ABSOLUTE_OCPM,AUCTION,Conversions,Sales,2026-02-03,2026-02-03,100000,Daily
"Sales - Copy","Zaiko + InBound (English) - Copy","JD sitting desk",2026-02-03,not_delivering,ad,0,0,0,"7-day click or 1-day view",,,0,,2026-01-28,Ongoing,0,0,,,,,,,,,,,0,,,,,1,0,,0,0,,not_delivering,inactive,not_delivering,-,-,,,,,,,,,,,,,,,0,0,,,1500,ABSOLUTE_OCPM,AUCTION,Conversions,Sales,2026-02-03,2026-02-03,100000,Daily
"Awareness 2.0","Tokyo & Kanagawa Broad","JD - Something Inspires Vid",2026-02-03,active,ad,6163,6163,1,"7-day click or 1-day view",Reach,6163,528,85.67256206,2026-01-19,Ongoing,0,0,528,85.67256206,,,1,528,,,,,0,1,0.01622586,,,,,100,6696,5603,616300,active,active,active,"Above average",-,4,58,21,14,12,12,0.55114823,9.10344828,1,1,0.01622586,0.01622586,0.01622586,0.11358105,7,0,,,,ABSOLUTE_OCPM,AUCTION,Reach,Awareness,2026-02-03,2026-02-03,20000,Daily
"New Advantage + With Campaigns","Japan Broad Targeting","New Poster",2026-02-03,active,ad,14542,16076,1.10548755,"7-day click, 1-day view, or 1-day engaged-view","Website purchases",2,11145,5572.5,2026-02-02,Ongoing,0.76628352,0.76923077,42.70114943,693.26947002,5572.5,2,261,44.93951613,3715,5572.5,260,42.86538462,99.61685824,248,1.70540503,3,2,110,101.31818182,0.01244091,16172,14423,0.76628352,active,active,active,-,-,7,425,203,140,60,54,6.97434293,22.15705765,261,248,1.62353819,1.62353819,1.70540503,2.46871132,359,135,,,,ABSOLUTE_OCPM,AUCTION,Conversions,Sales,2026-02-03,2026-02-03,30000,Daily
"Awareness 2.0","Tokyo & Kanagawa Broad","JD Konnichiwa Vid",2026-02-03,active,ad,65143,67771,1.04034202,"7-day click or 1-day view",Reach,65143,5806,89.12699753,2026-01-19,Ongoing,0,0,193.53333333,85.67086217,,,30,193.53333333,,,26,223.30769231,86.66666667,30,0.04605253,,,1,5806,96.12223517,66679,57443,217143.33333333,active,active,active,Average,-,3,898,265,145,74,64,0.42584715,3.58838072,29,29,0.04426672,0.04279116,0.04451745,0.51271817,334,1,,,,ABSOLUTE_OCPM,AUCTION,Reach,Awareness,2026-02-03,2026-02-03,20000,Daily
"ABOS Traffic 2.0","Broad Japan","JD with Skull Confetti - Copy",2026-02-03,active,ad,25,25,1,"7-day click or 1-day view","Landing page views",1,2,2,2026-01-09,Ongoing,0,0,1,80,,,2,1,,,1,2,50,2,8,,,,,4,25,25,50,active,active,active,-,-,,,,,,,,,2,2,8,8,8,8,2,0,,,,ABSOLUTE_OCPM,AUCTION,"Landing Page Views",Traffic,2026-02-03,2026-02-03,50000,Daily
"ABOS Traffic 2.0","Broad Japan","JD Spray Painting Ground",2026-02-03,active,ad,2657,2657,1,"7-day click or 1-day view","Landing page views",58,516,8.89655172,2026-01-09,Ongoing,0,0,7.37142857,194.20398946,,,70,7.37142857,,,58,8.89655172,82.85714286,70,2.63455024,,,2,258,2.18291306,2656,2666,82.85714286,active,active,active,-,-,3,,,,,,516,,70,70,2.63455024,2.63455024,2.63455024,2.86036884,76,5,,,,ABSOLUTE_OCPM,AUCTION,"Landing Page Views",Traffic,2026-02-03,2026-02-03,50000,Daily
"Sales - Copy","Custom Audience (Video + Interaction + LP)","Flexible 3 Groups",2026-02-03,not_delivering,ad,0,0,0,"7-day click or 1-day view",,,0,,2026-01-26,Ongoing,0,0,,,,,,,,,,,0,,,,,10,0,,0,0,,not_delivering,inactive,not_delivering,-,-,,,,,,,,,,,,,,,0,0,,,1500,ABSOLUTE_OCPM,AUCTION,Conversions,Sales,2026-02-03,2026-02-03,100000,Daily
"New Advantage + With Campaigns","Japan Broad Targeting","Opening Weekend Video - Copy 2",2026-02-03,active,ad,9044,9765,1.07972136,"7-day click, 1-day view, or 1-day engaged-view","Website purchases",5,6853,1370.6,2026-02-02,Ongoing,2.24215247,2.42718447,30.7309417,701.7921147,1370.6,5,223,32.78947368,1142.16666667,685.3,206,33.26699029,92.37668161,209,2.31092437,6,10,67,102.28358209,0.05120328,9909,8709,2.24215247,active,active,active,Average,"Above average",7,1166,612,372,217,198,1.79774397,5.94878472,223,209,2.28366615,2.28366615,2.31092437,5.13047324,464,96,,,,ABSOLUTE_OCPM,AUCTION,Conversions,Sales,2026-02-03,2026-02-03,30000,Daily
"Sales - Copy","Zaiko + InBound (English) - Copy","JD Painting Video - Copy",2026-02-03,not_delivering,ad,0,0,0,"7-day click or 1-day view",,,0,,2026-01-28,Ongoing,0,0,,,,,,,,,,,0,,,,,1,0,,0,0,,not_delivering,inactive,not_delivering,-,-,,,,,,,,,,,,,,,0,0,,,1500,ABSOLUTE_OCPM,AUCTION,Conversions,Sales,2026-02-03,2026-02-03,100000,Daily
"New Advantage + With Campaigns","Japan Broad Targeting","Video 1007 - Copy 2",2026-02-03,active,ad,679,835,1.22974963,"7-day click, 1-day view, or 1-day engaged-view",,,860,,2026-02-02,Ongoing,0,0,71.66666667,1029.94011976,,,12,78.18181818,,,8,107.5,66.66666667,11,1.62002946,,,4,215,,832,642,,active,active,active,Average,"Above average",7,68,44,27,25,22,3.12727273,12.46376812,12,11,1.43712575,1.43712575,1.62002946,2.50368189,17,8,,,,ABSOLUTE_OCPM,AUCTION,Conversions,Sales,2026-02-03,2026-02-03,30000,Daily
"ABOS Traffic 2.0","JD Deep Interest","JD Photography - Copy",2026-02-03,active,ad,17,17,1,"7-day click or 1-day view","Landing page views",1,1,1,2026-01-09,Ongoing,0,0,1,58.82352941,,,1,1,,,1,1,100,1,5.88235294,,,,,5.88235294,17,17,100,active,active,active,-,-,4,,,,,,1,,1,1,5.88235294,5.88235294,5.88235294,11.76470588,2,1,,,,ABSOLUTE_OCPM,AUCTION,"Landing Page Views",Traffic,2026-02-03,2026-02-03,50000,Daily
"Sales - Copy","Zaiko + InBound (English) - Copy","Poster [Redirect link]",2026-02-03,not_delivering,ad,0,0,0,"7-day click or 1-day view",,,0,,2026-01-28,Ongoing,0,0,,,,,,,,,,,0,,,,,2,0,,0,0,,not_delivering,inactive,not_delivering,-,-,,,,,,,,,,,,,,,0,0,,,1500,ABSOLUTE_OCPM,AUCTION,Conversions,Sales,2026-02-03,2026-02-03,100000,Daily
"Sales - Copy","Web Audience Retarg","Poster [Redirect link] + related Media",2026-02-03,not_delivering,ad,0,0,0,"7-day click, 1-day view, or 1-day engaged-view",,,0,,2026-01-21,Ongoing,0,0,,,,,,,,,,,0,,,,,1,0,,0,0,,not_delivering,inactive,not_delivering,-,-,,,,,,,,,,,,,,,0,0,,,1500,ABSOLUTE_OCPM,AUCTION,Conversions,Sales,2026-02-03,2026-02-03,100000,Daily
"ABOS Traffic 2.0","Broad Japan","Hello Tokyo - Copy",2026-02-03,active,ad,0,0,0,"7-day click or 1-day view","Landing page views",1,0,0,2026-01-09,Ongoing,0,0,,,,,,,,,1,0,0,,,,,1,0,,0,0,,active,active,active,-,-,,,,,,,,,,,,,,,0,0,,,,ABSOLUTE_OCPM,AUCTION,"Landing Page Views",Traffic,2026-02-03,2026-02-03,50000,Daily
"Sales - Copy","Zaiko + InBound (English) - Copy","Opening Weekend Video - Copy",2026-02-03,not_delivering,ad,0,0,0,"7-day click or 1-day view",,,0,,2026-01-28,Ongoing,0,0,,,,,,,,,,,0,,,,,1,0,,0,0,,not_delivering,inactive,not_delivering,-,-,,,,,,,,,,,,,,,0,0,,,1500,ABSOLUTE_OCPM,AUCTION,Conversions,Sales,2026-02-03,2026-02-03,100000,Daily
"ABOS Traffic 2.0","JD Deep Interest","JD Konnichiwa Video - Copy",2026-02-03,active,ad,13201,13672,1.03567912,"7-day click or 1-day view","Landing page views",580,4780,8.24137931,2026-01-09,Ongoing,0,0,7.88778878,349.61966062,,,606,8.17094017,,,580,8.24137931,95.70957096,585,4.43148246,,,49,97.55102041,4.24224693,13630,12138,95.70957096,active,active,active,Average,"Above average",8,1177,458,288,115,87,0.85463973,2.83511269,606,585,4.43241662,4.43241662,4.43148246,6.89341717,910,161,,,,ABSOLUTE_OCPM,AUCTION,"Landing Page Views",Traffic,2026-02-03,2026-02-03,50000,Daily
"New Advantage + With Campaigns","Japan Broad Targeting","AR Experience",2026-02-03,active,ad,890,968,1.08764045,"7-day click, 1-day view, or 1-day engaged-view",,,973,,2026-02-02,Ongoing,0,0,51.21052632,1005.16528926,,,19,54.05555556,,,17,57.23529412,89.47368421,18,2.02247191,,,7,139,,1020,860,,active,active,active,-,-,7,181,75,39,34,32,2.34457831,10.57608696,19,18,1.96280992,1.96280992,2.02247191,3.59550562,32,9,,,,ABSOLUTE_OCPM,AUCTION,Conversions,Sales,2026-02-03,2026-02-03,30000,Daily
"ABOS Traffic 2.0","Broad Japan","JD Photograph with graphics - Copy",2026-02-03,active,ad,31,31,1,"7-day click or 1-day view","Landing page views",1,1,1,2026-01-09,Ongoing,0,0,1,32.25806452,,,1,1,,,1,1,100,1,3.22580645,,,,,3.22580645,31,31,100,active,active,active,-,-,,,,,,,,,1,1,3.22580645,3.22580645,3.22580645,3.22580645,1,0,,,,ABSOLUTE_OCPM,AUCTION,"Landing Page Views",Traffic,2026-02-03,2026-02-03,50000,Daily
"New Advantage + With Campaigns","Japan Broad Targeting","JD Video 121 - Copy 2",2026-02-03,active,ad,8612,10198,1.18416163,"7-day click, 1-day view, or 1-day engaged-view","Website purchases",1,6798,6798,2026-02-02,Ongoing,0.57471264,0.62111801,39.06896552,666.60129437,6798,1,174,41.96296296,2266,2266,161,42.22360248,92.52873563,162,1.88109614,3,3,75,90.64,0.00980584,10694,8395,0.57471264,active,active,active,Average,"Above average",5,1711,1098,874,564,521,2.58774267,8.36162362,174,162,1.70621691,1.70621691,1.88109614,2.91453785,251,83,,,,ABSOLUTE_OCPM,AUCTION,Conversions,Sales,2026-02-03,2026-02-03,30000,Daily
"New Advantage + With Campaigns","Japan Broad Targeting","Video 127 - Copy 2",2026-02-03,active,ad,6560,7781,1.18612805,"7-day click, 1-day view, or 1-day engaged-view","Website purchases",1,6246,6246,2026-02-02,Ongoing,0.64935065,0.71428571,40.55844156,802.72458553,6246,1,154,43.98591549,2082,,140,44.61428571,90.90909091,142,2.16463415,3,,54,115.66666667,0.01285182,8183,6249,0.64935065,active,active,active,Average,"Above average",5,1334,870,655,519,479,2.90782123,8.72346369,154,142,1.97918005,1.97918005,2.16463415,3.55182927,233,50,,,,ABSOLUTE_OCPM,AUCTION,Conversions,Sales,2026-02-03,2026-02-03,30000,Daily
"ABOS Traffic 2.0","JD Deep Interest","JD with Skeleton Confetti",2026-02-03,active,ad,282,282,1,"7-day click or 1-day view","Landing page views",13,47,3.61538462,2026-01-09,Ongoing,0,0,3.13333333,166.66666667,,,15,3.35714286,,,13,3.61538462,86.66666667,14,4.96453901,,,,,4.60992908,282,286,86.66666667,active,active,active,-,-,,,,,,,,,15,14,5.31914894,5.31914894,4.96453901,4.96453901,14,0,,,,ABSOLUTE_OCPM,AUCTION,"Landing Page Views",Traffic,2026-02-03,2026-02-03,50000,Daily
"Sales - Copy","Zaiko + InBound (English) - Copy","Poster [Redirect link] + related Media",2026-02-03,not_delivering,ad,0,0,0,"7-day click or 1-day view",,,0,,2026-01-28,Ongoing,0,0,,,,,,,,,,,0,,,,,1,0,,0,0,,not_delivering,inactive,not_delivering,-,-,,,,,,,,,,,,,,,0,0,,,1500,ABSOLUTE_OCPM,AUCTION,Conversions,Sales,2026-02-03,2026-02-03,100000,Daily
"ABOS Traffic 2.0","Broad Japan","JD Konnichiwa Video - Copy",2026-02-03,active,ad,91610,91610,1,"7-day click or 1-day view","Landing page views",3987,36688,9.2019062,2026-01-09,Ongoing,0.0231107,0.02508151,8.47885371,400.48029691,36688,1,4327,9.11503106,36688,36688,3987,9.2019062,92.14236191,4025,4.39362515,1,1,375,97.83466667,4.35214496,90922,87666,92.14236191,active,active,active,"Above average","Above average",8,7943,3123,1904,696,507,0.96710249,3.2484505,4327,4025,4.72328348,4.72328348,4.39362515,6.60189936,6048,1479,,,,ABSOLUTE_OCPM,AUCTION,"Landing Page Views",Traffic,2026-02-03,2026-02-03,50000,Daily
"ABOS Traffic 2.0","Broad Japan","JD Desk - Red Curtain - Copy",2026-02-03,active,ad,19,21,1.10526316,"7-day click or 1-day view","Landing page views",1,0,0,2026-01-09,Ongoing,0,0,0,0,,,1,0,,,1,0,100,1,5.26315789,,,,,4.76190476,21,19,100,active,active,active,-,-,,,,,,,,,1,1,4.76190476,4.76190476,5.26315789,5.26315789,1,0,,,,ABSOLUTE_OCPM,AUCTION,"Landing Page Views",Traffic,2026-02-03,2026-02-03,50000,Daily
"ABOS Traffic 2.0","JD Deep Interest","JD Photograph with graphics - Copy",2026-02-03,active,ad,2253,2260,1.00310697,"7-day click or 1-day view","Landing page views",60,675,11.25,2026-01-09,Ongoing,0,0,10.88709677,298.67256637,,,62,11.25,,,60,11.25,96.77419355,60,2.66311585,,,11,61.36363636,2.65486726,2260,2253,96.77419355,active,active,active,-,-,,,,,,,,,62,60,2.74336283,2.74336283,2.66311585,3.72836218,84,9,,,,ABSOLUTE_OCPM,AUCTION,"Landing Page Views",Traffic,2026-02-03,2026-02-03,50000,Daily
"Awareness 2.0","Tokyo & Kanagawa Broad","Immersive Experience [Post]",2026-02-03,active,ad,74252,76478,1.02997899,"7-day click or 1-day view",Reach,74252,5864,78.97430372,2026-01-19,Ongoing,0,0,71.51219512,76.67564528,,,82,71.51219512,,,41,143.02439024,50,82,0.11043474,,,,,97.08935903,76614,74237,90551.2195122,active,active,active,"Above average",-,,,,,,,,,82,82,0.10722038,0.10722038,0.11043474,0.14814416,110,0,,,,ABSOLUTE_OCPM,AUCTION,Reach,Awareness,2026-02-03,2026-02-03,20000,Daily
"Awareness 2.0","Tokyo & Kanagawa Broad","Opening Day Line Vid [Post]",2026-02-03,active,ad,71809,71809,1,"7-day click or 1-day view",Reach,71809,6077,84.62727513,2026-01-19,Ongoing,5.55555556,6.89655172,168.80555556,84.62727513,3038.5,2,36,168.80555556,6077,6077,29,209.55172414,80.55555556,36,0.05013299,1,1,6,1012.83333333,100,69413,65394,199469.44444444,active,active,active,Average,-,3,4081,1078,472,306,290,0.32923394,2.75851112,36,36,0.05013299,0.05013299,0.05013299,0.2144578,154,1,,,,ABSOLUTE_OCPM,AUCTION,Reach,Awareness,2026-02-03,2026-02-03,20000,Daily
"New Advantage + With Campaigns","Japan Broad Targeting","JD Konnichiwa Video - Copy",2026-02-03,active,ad,9147,10563,1.15480485,"7-day click, 1-day view, or 1-day engaged-view","Website purchases",1,6610,6610,2026-02-02,Ongoing,0.58479532,0.55555556,38.65497076,625.76919436,6610,1,171,40.80246914,3305,2203.33333333,180,36.72222222,105.26315789,162,1.77107248,2,3,73,90.54794521,0.00946701,10621,9088,0.58479532,active,active,active,Average,"Above average",7,195,77,53,16,12,9.49712644,24.03636364,171,162,1.61885828,1.61885828,1.77107248,3.27976386,300,55,,,,ABSOLUTE_OCPM,AUCTION,Conversions,Sales,2026-02-03,2026-02-03,30000,Daily
"ABOS Traffic 2.0","Broad Japan","JD Photography",2026-02-03,active,ad,14,14,1,"7-day click or 1-day view",,,0,,2026-01-09,Ongoing,0,0,0,0,,,1,0,,,,,0,1,7.14285714,,,,,,14,14,,active,active,active,-,-,,,,,,,,,1,1,7.14285714,7.14285714,7.14285714,14.28571429,2,0,,,,ABSOLUTE_OCPM,AUCTION,"Landing Page Views",Traffic,2026-02-03,2026-02-03,50000,Daily
"ABOS Traffic 2.0","JD Deep Interest","Black and white photo",2026-02-03,active,ad,92054,99991,1.08622113,"7-day click or 1-day view","Landing page views",3337,30570,9.16092298,2026-01-09,Ongoing,0.05461496,0.05993407,8.34789732,305.72751548,15285,2,3662,8.80726016,15285,15285,3337,9.16092298,91.12506827,3471,3.7706129,2,2,248,123.26612903,3.33730036,98712,86479,91.12506827,active,active,active,-,-,6,4570,1738,1051,400,305,1.07712907,4.38719862,3661,3471,3.66232961,3.66132952,3.7706129,6.02906989,5550,1090,,,,ABSOLUTE_OCPM,AUCTION,"Landing Page Views",Traffic,2026-02-03,2026-02-03,50000,Daily
"Sales - Copy","Custom Audience (Video + Interaction + LP)","JD sitting desk - Copy",2026-02-03,not_delivering,ad,0,0,0,"7-day click or 1-day view",,,0,,2026-01-26,Ongoing,0,0,,,,,,,,,,,0,,,,,1,0,,0,0,,not_delivering,inactive,not_delivering,-,-,,,,,,,,,,,,,,,0,0,,,1500,ABSOLUTE_OCPM,AUCTION,Conversions,Sales,2026-02-03,2026-02-03,100000,Daily
"ABOS Traffic 2.0","JD Deep Interest","JD Photography - Copy 2",2026-02-03,active,ad,5206,5242,1.0069151,"7-day click or 1-day view","Landing page views",127,1208,9.51181102,2026-01-09,Ongoing,0,0,8.44755245,230.44639451,,,143,8.44755245,,,127,9.51181102,88.81118881,143,2.74683058,,,7,172.57142857,2.42273941,5243,5206,88.81118881,active,active,active,-,-,,,,,,,,,143,143,2.72796643,2.72796643,2.74683058,2.86208221,149,4,,,,ABSOLUTE_OCPM,AUCTION,"Landing Page Views",Traffic,2026-02-03,2026-02-03,50000,Daily
"ABOS Traffic 2.0","Broad Japan","JD Painting with Graphic - Copy",2026-02-03,active,ad,19,19,1,"7-day click or 1-day view",,,1,,2026-01-09,Ongoing,0,0,,52.63157895,,,,,,,,,0,,,,,,,,19,19,,active,active,active,-,-,,,,,,,,,,,,,,0,0,0,,,,ABSOLUTE_OCPM,AUCTION,"Landing Page Views",Traffic,2026-02-03,2026-02-03,50000,Daily
"ABOS Traffic 2.0","Broad Japan","JD with Skeleton Confetti",2026-02-03,active,ad,225,226,1.00444444,"7-day click or 1-day view","Landing page views",9,49,5.44444444,2026-01-09,Ongoing,0,0,5.44444444,216.81415929,,,9,5.44444444,,,9,5.44444444,100,9,4,,,,,3.98230088,226,225,100,active,active,active,-,-,,,,,,,,,9,9,3.98230088,3.98230088,4,5.33333333,12,0,,,,ABSOLUTE_OCPM,AUCTION,"Landing Page Views",Traffic,2026-02-03,2026-02-03,50000,Daily
"Awareness 2.0","Tokyo & Kanagawa Broad",jd-bw-photo,2026-02-03,active,ad,1148,1202,1.04703833,"7-day click or 1-day view",Reach,1148,95,82.75261324,2026-01-19,Ongoing,0,0,,79.03494176,,,,,,,,,0,,,,,,,95.50748752,1202,1148,,active,active,active,-,-,,,,,,,,,,,,,,0,0,0,,,,ABSOLUTE_OCPM,AUCTION,Reach,Awareness,2026-02-03,2026-02-03,20000,Daily
"ABOS Traffic 2.0","JD Deep Interest","Hello Tokyo - Copy",2026-02-03,active,ad,122,124,1.01639344,"7-day click or 1-day view","Landing page views",2,25,12.5,2026-01-09,Ongoing,0,0,6.25,201.61290323,,,4,6.25,,,2,12.5,50,4,3.27868852,,,1,25,1.61290323,124,122,50,active,active,active,-,-,,,,,,,,,4,4,3.22580645,3.22580645,3.27868852,3.27868852,4,0,,,,ABSOLUTE_OCPM,AUCTION,"Landing Page Views",Traffic,2026-02-03,2026-02-03,50000,Daily
"Sales - Copy","Custom Audience (Video + Interaction + LP)","Black and white photo - Copy",2026-02-03,not_delivering,ad,0,0,0,"7-day click or 1-day view",,,0,,2026-01-26,Ongoing,0,0,,,,,,,,,,,0,,,,,3,0,,0,0,,not_delivering,inactive,not_delivering,-,-,,,,,,,,,,,,,,,0,0,,,1500,ABSOLUTE_OCPM,AUCTION,Conversions,Sales,2026-02-03,2026-02-03,100000,Daily
"Sales - Copy","Test - Web Audience Retarg (Zaiko)",Poster,2026-02-02,not_delivering,ad,84,84,1,"7-day click, 1-day view, or 1-day engaged-view",,,79,,2026-01-31,Ongoing,0,0,79,940.47619048,,,1,79,79,,1,79,100,1,1.19047619,1,,1,79,,84,84,,not_delivering,inactive,not_delivering,-,-,,,,,,,,,1,1,1.19047619,1.19047619,1.19047619,1.19047619,1,0,,,1500,ABSOLUTE_OCPM,AUCTION,Conversions,Sales,2026-02-02,2026-02-02,100000,Daily
"Sales - Copy","Test - Web Audience Retarg (Zaiko)","JD w/ Confetti - Copy",2026-02-02,not_delivering,ad,8,8,1,"7-day click, 1-day view, or 1-day engaged-view",,,11,,2026-01-31,Ongoing,0,0,,1375,,,,,,,,,0,,,,,,,,8,8,,not_delivering,inactive,not_delivering,-,-,,,,,,,,,,,,,,12.5,1,0,,,1500,ABSOLUTE_OCPM,AUCTION,Conversions,Sales,2026-02-02,2026-02-02,100000,Daily
"New Advantage + With Campaigns","Japan Broad Targeting","Video 127 - Copy 2",2026-02-02,active,ad,73,74,1.01369863,"7-day click, 1-day view, or 1-day engaged-view",,,24,,2026-02-02,Ongoing,0,0,12,324.32432432,,,2,12,,,1,24,50,2,2.73972603,,,1,24,,85,68,,active,active,active,-,-,7,14,11,7,6,6,1.2,3,2,2,2.7027027,2.7027027,2.73972603,2.73972603,2,0,,,,ABSOLUTE_OCPM,AUCTION,Conversions,Sales,2026-02-02,2026-02-02,30000,Daily
"Sales - Copy","Zaiko + InBound (English) - Copy","Poster [Redirect link] + related Media",2026-02-02,not_delivering,ad,1493,1628,1.09042197,"7-day click or 1-day view","Website purchases",1,1154,1154,2026-01-28,Ongoing,3.44827586,2.77777778,39.79310345,708.84520885,1154,1,29,41.21428571,577,384.66666667,36,32.05555556,124.13793103,28,1.87541862,2,3,17,67.88235294,0.06142506,1634,1493,3.44827586,not_delivering,inactive,not_delivering,-,-,3,,,,,,104.90909091,577,29,28,1.78132678,1.78132678,1.87541862,2.9470864,44,17,,,1500,ABSOLUTE_OCPM,AUCTION,Conversions,Sales,2026-02-02,2026-02-02,100000,Daily
"ABOS Traffic 2.0","Broad Japan","JD Konnichiwa Video - Copy",2026-02-02,active,ad,11394,11889,1.04344392,"7-day click or 1-day view","Landing page views",504,4873,9.66865079,2026-01-09,Ongoing,0,0,8.82789855,409.87467407,,,552,9.05762082,,,504,9.66865079,91.30434783,538,4.72178339,,,52,93.71153846,4.23921272,11943,10838,91.30434783,active,active,active,"Above average","Above average",7,987,367,231,88,65,0.99044715,3.42927516,552,538,4.64294726,4.64294726,4.72178339,6.91592066,788,240,,,,ABSOLUTE_OCPM,AUCTION,"Landing Page Views",Traffic,2026-02-02,2026-02-02,50000,Daily
"Sales - Copy","Custom Audience (Video + Interaction + LP)","Poster [Redirect link] + related Media",2026-02-02,not_delivering,ad,917,982,1.07088332,"7-day click or 1-day view",,,825,,2026-01-26,Ongoing,0,0,30.55555556,840.12219959,,,27,31.73076923,,,28,29.46428571,103.7037037,26,2.83533261,,,7,117.85714286,,990,907,,not_delivering,inactive,not_delivering,-,-,7,22,11,5,3,2,9.59302326,26.61290323,27,26,2.74949084,2.74949084,2.83533261,4.90730643,45,19,,,1500,ABSOLUTE_OCPM,AUCTION,Conversions,Sales,2026-02-02,2026-02-02,100000,Daily
"Sales - Copy","Test - Web Audience Retarg (Zaiko)",Poster,2026-02-02,not_delivering,ad,28,29,1.03571429,"7-day click, 1-day view, or 1-day engaged-view",,,24,,2026-01-31,Ongoing,0,0,,827.5862069,,,,,,,,,0,,,,,,,,29,28,,not_delivering,inactive,not_delivering,-,-,,,,,,,,,,,,,,0,0,0,,,1500,ABSOLUTE_OCPM,AUCTION,Conversions,Sales,2026-02-02,2026-02-02,100000,Daily
"ABOS Traffic 2.0","Broad Japan","JD Desk - Red Curtain - Copy",2026-02-02,active,ad,664,664,1,"7-day click or 1-day view","Landing page views",8,227,28.375,2026-01-09,Ongoing,0,0,28.375,341.86746988,,,8,28.375,,,8,28.375,100,8,1.20481928,,,,,1.20481928,665,664,100,active,active,active,-,-,,,,,,,,,8,8,1.20481928,1.20481928,1.20481928,2.25903614,15,0,,,,ABSOLUTE_OCPM,AUCTION,"Landing Page Views",Traffic,2026-02-02,2026-02-02,50000,Daily
"Sales - Copy","Custom Audience (Video + Interaction + LP)","Flexible 3 Groups",2026-02-02,not_delivering,ad,2726,3525,1.29310345,"7-day click or 1-day view",,,3460,,2026-01-26,Ongoing,0,0,38.87640449,981.56028369,,,89,42.71604938,3460,3460,79,43.79746835,88.76404494,81,2.97138665,1,1,29,119.31034483,,3561,2690,,not_delivering,inactive,not_delivering,-,-,9,101,51,39,9,8,11.12540193,27.90322581,89,81,2.5248227,2.5248227,2.97138665,8.18048423,223,40,,,1500,ABSOLUTE_OCPM,AUCTION,Conversions,Sales,2026-02-02,2026-02-02,100000,Daily
"Sales - Copy","Web Audience Retarg",Poster,2026-02-02,not_delivering,ad,695,838,1.2057554,"7-day click, 1-day view, or 1-day engaged-view",,,1171,,2026-01-21,Ongoing,0,0,106.45454545,1397.37470167,,,11,117.1,,,12,97.58333333,109.09090909,10,1.43884892,,,6,195.16666667,,840,695,,not_delivering,inactive,not_delivering,-,-,,,,,,,,,11,10,1.31264916,1.31264916,1.43884892,1.58273381,11,4,,,1500,ABSOLUTE_OCPM,AUCTION,Conversions,Sales,2026-02-02,2026-02-02,100000,Daily
"Sales - Copy","Custom Audience (Video + Interaction + LP)","Opening Weekend Video - Copy 2",2026-02-02,not_delivering,ad,1258,1368,1.08744038,"7-day click or 1-day view","Website purchases",1,1324,1324,2026-01-26,Ongoing,2.38095238,2.38095238,31.52380952,967.83625731,1324,1,42,33.94871795,1324,1324,42,31.52380952,100,39,3.10015898,1,1,13,101.84615385,0.07309942,1354,1155,2.38095238,not_delivering,inactive,not_delivering,Average,"Above average",9,243,144,101,76,74,2.44731978,6.82474227,42,39,3.07017544,3.07017544,3.10015898,7.71065183,97,19,,,1500,ABSOLUTE_OCPM,AUCTION,Conversions,Sales,2026-02-02,2026-02-02,100000,Daily
"Sales - Copy","Zaiko + InBound (English) - Copy","JD sitting desk",2026-02-02,not_delivering,ad,121,143,1.18181818,"7-day click or 1-day view",,,144,,2026-01-28,Ongoing,0,0,28.8,1006.99300699,,,5,72,,,3,48,60,2,1.65289256,,,,,,143,121,,not_delivering,inactive,not_delivering,-,-,,,,,,,,,5,2,3.4965035,3.4965035,1.65289256,2.47933884,3,2,,,1500,ABSOLUTE_OCPM,AUCTION,Conversions,Sales,2026-02-02,2026-02-02,100000,Daily
"Sales - Copy","Web Audience Retarg","JD w/ Confetti - Copy",2026-02-02,not_delivering,ad,35,37,1.05714286,"7-day click, 1-day view, or 1-day engaged-view",,,46,,2026-01-21,Ongoing,0,0,46,1243.24324324,,,1,46,,,1,46,100,1,2.85714286,,,,,,37,35,,not_delivering,inactive,not_delivering,-,-,29,,,,,,46,46,1,1,2.7027027,2.7027027,2.85714286,5.71428571,2,1,,,1500,ABSOLUTE_OCPM,AUCTION,Conversions,Sales,2026-02-02,2026-02-02,100000,Daily
"Awareness 2.0","Tokyo & Kanagawa Broad","JD - Something Inspires Vid",2026-02-02,active,ad,11606,11855,1.02145442,"7-day click or 1-day view",Reach,11606,749,64.53558504,2026-01-19,Ongoing,0,0,749,63.18009279,,,1,749,,,1,749,100,1,0.00861623,,,,,97.89962041,16662,10494,1160600,active,active,active,"Above average",-,4,270,79,50,35,34,0.16574463,2.83712121,1,1,0.00843526,0.00843526,0.00861623,0.0258487,3,0,,,,ABSOLUTE_OCPM,AUCTION,Reach,Awareness,2026-02-02,2026-02-02,20000,Daily
"Sales - Copy","Test - Web Audience Retarg (Zaiko)","JD Konnichiwa Video",2026-02-02,not_delivering,ad,867,930,1.07266436,"7-day click, 1-day view, or 1-day engaged-view",,,867,,2026-01-31,Ongoing,0,0,37.69565217,932.25806452,,,23,39.40909091,,,11,78.81818182,47.82608696,22,2.53748558,,,,,,933,863,,not_delivering,inactive,not_delivering,Average,"Above average",4,10,2,1,,,21.14634146,51,23,22,2.47311828,2.47311828,2.53748558,2.9988466,26,4,,,1500,ABSOLUTE_OCPM,AUCTION,Conversions,Sales,2026-02-02,2026-02-02,100000,Daily
"Sales - Copy","Test - Web Audience Retarg (Zaiko)","Opening Weekend Video - Copy 2",2026-02-02,not_delivering,ad,39,39,1,"7-day click, 1-day view, or 1-day engaged-view",,,46,,2026-01-31,Ongoing,0,0,,1179.48717949,,,,,,,,,0,,,,,1,46,,38,37,,not_delivering,inactive,not_delivering,-,-,5,5,2,1,1,1,2.42105263,23,,,,,,2.56410256,1,0,,,1500,ABSOLUTE_OCPM,AUCTION,Conversions,Sales,2026-02-02,2026-02-02,100000,Daily
"Sales - Copy","Custom Audience (Video + Interaction + LP)","JD Pose with Graphic - Copy",2026-02-02,not_delivering,ad,243,271,1.11522634,"7-day click or 1-day view",,,270,,2026-01-26,Ongoing,0,0,27,996.3099631,,,10,33.75,,,8,33.75,80,8,3.29218107,,,2,135,,271,243,,not_delivering,inactive,not_delivering,-,-,,,,,,,,,10,8,3.6900369,3.6900369,3.29218107,5.34979424,13,4,,,1500,ABSOLUTE_OCPM,AUCTION,Conversions,Sales,2026-02-02,2026-02-02,100000,Daily
"Sales - Copy","Test - Web Audience Retarg (Zaiko)","Flexible 3 Groups",2026-02-02,not_delivering,ad,21,22,1.04761905,"7-day click, 1-day view, or 1-day engaged-view",,,13,,2026-01-31,Ongoing,0,0,,590.90909091,,,,,,,,,0,,,,,,,,21,20,,not_delivering,inactive,not_delivering,-,-,6,,,,,,4.33333333,,,,,,,0,0,0,,,1500,ABSOLUTE_OCPM,AUCTION,Conversions,Sales,2026-02-02,2026-02-02,100000,Daily
"Sales - Copy","Custom Audience (Video + Interaction + LP)","JD Spray Painting Ground - Copy 2",2026-02-02,not_delivering,ad,178,197,1.10674157,"7-day click or 1-day view",,,222,,2026-01-26,Ongoing,0,0,111,1126.9035533,,,2,111,,,1,222,50,2,1.12359551,,,2,111,,198,178,,not_delivering,inactive,not_delivering,-,-,,,,,,,,,2,2,1.01522843,1.01522843,1.12359551,2.80898876,5,0,,,1500,ABSOLUTE_OCPM,AUCTION,Conversions,Sales,2026-02-02,2026-02-02,100000,Daily
"Awareness 2.0","Tokyo & Kanagawa Broad","JD Konnichiwa Vid",2026-02-02,active,ad,95620,95620,1,"7-day click or 1-day view",Reach,95620,7150,74.77515164,2026-01-19,Ongoing,0,0,170.23809524,74.77515164,,,42,170.23809524,,,34,210.29411765,80.95238095,42,0.04392387,,,2,3575,100,95493,89512,227666.66666667,active,active,active,Average,-,4,1638,457,242,123,117,0.30103996,2.5,42,42,0.04392387,0.04392387,0.04392387,0.36916963,353,1,,,,ABSOLUTE_OCPM,AUCTION,Reach,Awareness,2026-02-02,2026-02-02,20000,Daily
"Sales - Copy","Custom Audience (Video + Interaction + LP)","JD Konnichiwa Video",2026-02-02,not_delivering,ad,1031,1207,1.17070805,"7-day click or 1-day view",,,975,,2026-01-26,Ongoing,0,0,39,807.78790389,,,25,40.625,,,20,48.75,80,24,2.32783705,,,10,97.5,,1210,1006,,not_delivering,inactive,not_delivering,-,-,8,86,46,36,12,11,4.37219731,9.55882353,25,24,2.07125104,2.07125104,2.32783705,4.36469447,45,13,,,1500,ABSOLUTE_OCPM,AUCTION,Conversions,Sales,2026-02-02,2026-02-02,100000,Daily
"Sales - Copy","Zaiko + InBound (English) - Copy","JD Spray Painting Ground - Copy",2026-02-02,not_delivering,ad,123,133,1.08130081,"7-day click or 1-day view",,,149,,2026-01-28,Ongoing,0,0,149,1120.30075188,,,1,149,,,1,149,100,1,0.81300813,,,,,,134,123,,not_delivering,inactive,not_delivering,-,-,,,,,,,,,1,1,0.7518797,0.7518797,0.81300813,2.43902439,3,1,,,1500,ABSOLUTE_OCPM,AUCTION,Conversions,Sales,2026-02-02,2026-02-02,100000,Daily
"Sales - Copy","Zaiko + InBound (English) - Copy","JD Graffiti Paint - Copy",2026-02-02,not_delivering,ad,125,133,1.064,"7-day click or 1-day view",,,132,,2026-01-28,Ongoing,0,0,66,992.48120301,,,2,66,,,2,66,100,2,1.6,,,,,,133,125,,not_delivering,inactive,not_delivering,-,-,,,,,,,,,2,2,1.5037594,1.5037594,1.6,4,5,1,,,1500,ABSOLUTE_OCPM,AUCTION,Conversions,Sales,2026-02-02,2026-02-02,100000,Daily
"New Advantage + With Campaigns","Japan Broad Targeting","Opening Weekend Video - Copy 2",2026-02-02,active,ad,141,141,1,"7-day click, 1-day view, or 1-day engaged-view",,,94,,2026-02-02,Ongoing,0,0,94,666.66666667,,,1,94,,,1,94,100,1,0.70921986,,,,,,142,137,,active,active,active,-,-,6,24,12,8,7,6,1.44615385,6.71428571,1,1,0.70921986,0.70921986,0.70921986,2.12765957,3,2,,,,ABSOLUTE_OCPM,AUCTION,Conversions,Sales,2026-02-02,2026-02-02,30000,Daily
"Sales - Copy","Custom Audience (Video + Interaction + LP)","JD Graffiti Paint - Copy",2026-02-02,not_delivering,ad,43,45,1.04651163,"7-day click or 1-day view",,,104,,2026-01-26,Ongoing,0,0,52,2311.11111111,,,2,52,,,1,104,50,2,4.65116279,,,,,,45,43,,not_delivering,inactive,not_delivering,-,-,,,,,,,,,2,2,4.44444444,4.44444444,4.65116279,9.30232558,4,1,,,1500,ABSOLUTE_OCPM,AUCTION,Conversions,Sales,2026-02-02,2026-02-02,100000,Daily
"Sales - Copy","Test - Web Audience Retarg (Zaiko)","JD Graffiti Paint - Copy",2026-02-02,not_delivering,ad,4,4,1,"7-day click, 1-day view, or 1-day engaged-view",,,2,,2026-01-31,Ongoing,0,0,,500,,,,,,,,,0,,,,,,,,4,4,,not_delivering,inactive,not_delivering,-,-,,,,,,,,,,,,,,0,0,0,,,1500,ABSOLUTE_OCPM,AUCTION,Conversions,Sales,2026-02-02,2026-02-02,100000,Daily
"Sales - Copy","Zaiko + InBound (English) - Copy","JD Painting Video - Copy",2026-02-02,not_delivering,ad,139,170,1.22302158,"7-day click or 1-day view",,,218,,2026-01-28,Ongoing,0,0,36.33333333,1282.35294118,,,6,43.6,218,218,3,72.66666667,50,5,3.5971223,1,1,,,,166,133,,not_delivering,inactive,not_delivering,-,-,11,37,22,12,10,9,2.86842105,5.89189189,6,5,3.52941176,3.52941176,3.5971223,5.03597122,7,2,,,1500,ABSOLUTE_OCPM,AUCTION,Conversions,Sales,2026-02-02,2026-02-02,100000,Daily
"New Advantage + With Campaigns","Japan Broad Targeting","Video 1007 - Copy 2",2026-02-02,active,ad,233,237,1.01716738,"7-day click, 1-day view, or 1-day engaged-view",,,168,,2026-02-02,Ongoing,0,0,168,708.86075949,,,1,168,,,2,84,200,1,0.42918455,,,,,,245,229,,active,active,active,-,-,5,15,14,10,6,4,1.90909091,11.2,1,1,0.42194093,0.42194093,0.42918455,0.42918455,1,2,,,,ABSOLUTE_OCPM,AUCTION,Conversions,Sales,2026-02-02,2026-02-02,30000,Daily
"Sales - Copy","Zaiko + InBound (English) - Copy","Poster [Redirect link]",2026-02-02,not_delivering,ad,1016,1119,1.10137795,"7-day click or 1-day view","Website purchases",2,658,329,2026-01-28,Ongoing,13.33333333,25,43.86666667,588.02502234,329,2,15,47,329,329,8,82.25,53.33333333,14,1.37795276,2,2,10,65.8,0.17873101,1128,1016,13.33333333,not_delivering,inactive,not_delivering,-,-,,,,,,,,,15,14,1.34048257,1.34048257,1.37795276,7.87401575,80,8,,,1500,ABSOLUTE_OCPM,AUCTION,Conversions,Sales,2026-02-02,2026-02-02,100000,Daily
"Sales - Copy","Web Audience Retarg","Poster [Redirect link] + related Media",2026-02-02,not_delivering,ad,359,423,1.17827298,"7-day click, 1-day view, or 1-day engaged-view",,,486,,2026-01-21,Ongoing,0,0,34.71428571,1148.93617021,,,14,34.71428571,,,12,40.5,85.71428571,14,3.89972145,,,3,162,,426,354,,not_delivering,inactive,not_delivering,-,-,7,16,5,3,,,8.1,21.13043478,14,14,3.30969267,3.30969267,3.89972145,4.73537604,17,3,,,1500,ABSOLUTE_OCPM,AUCTION,Conversions,Sales,2026-02-02,2026-02-02,100000,Daily
"ABOS Traffic 2.0","Broad Japan","JD Spray Painting Ground",2026-02-02,active,ad,7906,7907,1.00012649,"7-day click or 1-day view","Landing page views",315,3027,9.60952381,2026-01-09,Ongoing,0,0,8.29315068,382.82534463,,,365,8.4789916,,,315,9.60952381,86.30136986,357,4.5155578,,,,,3.98381181,7907,7901,86.30136986,active,active,active,-,-,,,,,,,,,365,357,4.61616289,4.61616289,4.5155578,4.64204402,367,5,,,,ABSOLUTE_OCPM,AUCTION,"Landing Page Views",Traffic,2026-02-02,2026-02-02,50000,Daily
"ABOS Traffic 2.0","Broad Japan","Hello Tokyo - Copy",2026-02-02,active,ad,25294,25940,1.02553965,"7-day click or 1-day view","Landing page views",401,8934,22.27930175,2026-01-09,Ongoing,0.23474178,0.24937656,20.97183099,344.41017733,8934,1,426,21.02117647,8934,8934,401,22.27930175,94.1314554,425,1.68024037,1,1,53,168.56603774,1.5458751,25955,25294,94.1314554,active,active,active,-,-,3,,,,,,470.21052632,,426,425,1.64225135,1.64225135,1.68024037,2.70815213,685,198,,,,ABSOLUTE_OCPM,AUCTION,"Landing Page Views",Traffic,2026-02-02,2026-02-02,50000,Daily
"Sales - Copy","Web Audience Retarg","JD Spray Painting Ground - Copy 2",2026-02-02,not_delivering,ad,30,30,1,"7-day click, 1-day view, or 1-day engaged-view",,,46,,2026-01-21,Ongoing,0,0,,1533.33333333,,,,,,,,,0,,,,,,,,30,30,,not_delivering,inactive,not_delivering,-,-,,,,,,,,,,,,,,0,0,0,,,1500,ABSOLUTE_OCPM,AUCTION,Conversions,Sales,2026-02-02,2026-02-02,100000,Daily
"ABOS Traffic 2.0","JD Deep Interest","JD announcement date post",2026-02-02,active,ad,35,35,1,"7-day click or 1-day view",,,0,,2026-01-09,Ongoing,0,0,0,0,,,1,0,,,,,0,1,2.85714286,,,,,,35,35,,active,active,active,-,-,,,,,,,,,1,1,2.85714286,2.85714286,2.85714286,2.85714286,1,0,,,,ABSOLUTE_OCPM,AUCTION,"Landing Page Views",Traffic,2026-02-02,2026-02-02,50000,Daily
"Sales - Copy","Test - Web Audience Retarg (Zaiko)","JD sitting desk - Copy",2026-02-02,not_delivering,ad,24,25,1.04166667,"7-day click, 1-day view, or 1-day engaged-view",,,22,,2026-01-31,Ongoing,0,0,,880,,,,,,,,,0,,,,,,,,25,24,,not_delivering,inactive,not_delivering,-,-,,,,,,,,,,,,,,4.16666667,1,0,,,1500,ABSOLUTE_OCPM,AUCTION,Conversions,Sales,2026-02-02,2026-02-02,100000,Daily
"Awareness 2.0","Tokyo & Kanagawa Broad","Opening Day Line Vid [Post] - Copy",2026-02-02,active,ad,3166,3275,1.0344283,"7-day click or 1-day view",Reach,3166,268,84.64939987,2026-01-19,Ongoing,0,0,268,81.83206107,,,1,268,,,1,268,100,1,0.0315856,,,,,96.67175573,3052,2761,316600,active,active,active,Average,-,2,115,31,10,7,7,0.45042017,3.82857143,1,1,0.03053435,0.03053435,0.0315856,0.18951358,6,0,,,,ABSOLUTE_OCPM,AUCTION,Reach,Awareness,2026-02-02,2026-02-02,20000,Daily
"Sales - Copy","Test - Web Audience Retarg (Zaiko)","JD Spray Painting Ground - Copy 2",2026-02-02,not_delivering,ad,7,8,1.14285714,"7-day click, 1-day view, or 1-day engaged-view",,,2,,2026-01-31,Ongoing,0,0,,250,,,,,,,,,0,,,,,,,,8,7,,not_delivering,inactive,not_delivering,-,-,,,,,,,,,,,,,,0,0,0,,,1500,ABSOLUTE_OCPM,AUCTION,Conversions,Sales,2026-02-02,2026-02-02,100000,Daily
"ABOS Traffic 2.0","JD Deep Interest","JD Photograph with graphics - Copy",2026-02-02,active,ad,14839,15328,1.0329537,"7-day click or 1-day view","Landing page views",275,5069,18.43272727,2026-01-09,Ongoing,0,0,16.24679487,330.7019833,,,312,17.01006711,,,275,18.43272727,88.14102564,298,2.00822158,,,41,123.63414634,1.7941023,15332,14839,88.14102564,active,active,active,-,-,,,,,,,,,312,298,2.03549061,2.03549061,2.00822158,2.88429139,428,60,,,,ABSOLUTE_OCPM,AUCTION,"Landing Page Views",Traffic,2026-02-02,2026-02-02,50000,Daily
"New Advantage + With Campaigns","Japan Broad Targeting","JD Konnichiwa Video - Copy",2026-02-02,active,ad,286,289,1.01048951,"7-day click, 1-day view, or 1-day engaged-view",,,174,,2026-02-02,Ongoing,0,0,87,602.07612457,,,2,87,,,1,174,50,2,0.6993007,,,1,174,,293,285,,active,active,active,-,-,7,6,3,3,2,2,6.44444444,21.75,2,2,0.69204152,0.69204152,0.6993007,0.6993007,2,1,,,,ABSOLUTE_OCPM,AUCTION,Conversions,Sales,2026-02-02,2026-02-02,30000,Daily
"Awareness 2.0","Tokyo & Kanagawa Broad","Opening Day Line Vid [Post]",2026-02-02,active,ad,40875,40875,1,"7-day click or 1-day view",Reach,40875,2883,70.53211009,2026-01-19,Ongoing,0,0,240.25,70.53211009,,,12,240.25,,,8,360.375,66.66666667,12,0.0293578,,,,,100,45712,36626,340625,active,active,active,Average,-,4,2351,607,266,170,158,0.22017718,2.47467811,12,12,0.0293578,0.0293578,0.0293578,0.15168196,62,1,,,,ABSOLUTE_OCPM,AUCTION,Reach,Awareness,2026-02-02,2026-02-02,20000,Daily
"Sales - Copy","Test - Web Audience Retarg (Zaiko)","JD Pose with Graphic - Copy",2026-02-02,not_delivering,ad,15,15,1,"7-day click, 1-day view, or 1-day engaged-view",,,7,,2026-01-31,Ongoing,0,0,7,466.66666667,,,1,7,,,,,0,1,6.66666667,,,,,,15,15,,not_delivering,inactive,not_delivering,-,-,,,,,,,,,1,1,6.66666667,6.66666667,6.66666667,6.66666667,1,0,,,1500,ABSOLUTE_OCPM,AUCTION,Conversions,Sales,2026-02-02,2026-02-02,100000,Daily
"Sales - Copy","Zaiko + InBound (English) - Copy","JD Konnichiwa Video",2026-02-02,not_delivering,ad,298,307,1.03020134,"7-day click or 1-day view",,,226,,2026-01-28,Ongoing,0,0,22.6,736.15635179,,,10,25.11111111,,,8,28.25,80,9,3.02013423,,,2,113,,300,280,,not_delivering,inactive,not_delivering,-,-,8,26,15,11,4,3,2.75609756,6.84848485,10,9,3.25732899,3.25732899,3.02013423,4.36241611,13,3,,,1500,ABSOLUTE_OCPM,AUCTION,Conversions,Sales,2026-02-02,2026-02-02,100000,Daily
"Sales - Copy","Custom Audience (Video + Interaction + LP)","JD Video 121",2026-02-02,not_delivering,ad,1196,1374,1.14882943,"7-day click or 1-day view",,,1210,,2026-01-26,Ongoing,0,0,57.61904762,880.64046579,,,21,57.61904762,,,16,75.625,76.19047619,21,1.75585284,,,9,134.44444444,,1441,1145,,not_delivering,inactive,not_delivering,Average,"Above average",5,346,241,206,128,119,2.95843521,10.16806723,21,21,1.52838428,1.52838428,1.75585284,2.9264214,35,17,,,1500,ABSOLUTE_OCPM,AUCTION,Conversions,Sales,2026-02-02,2026-02-02,100000,Daily
"ABOS Traffic 2.0","JD Deep Interest","Black and white photo",2026-02-02,active,ad,45999,48180,1.04741407,"7-day click or 1-day view","Landing page views",1685,15902,9.43738872,2026-01-09,Ongoing,0,0,8.49919829,330.0539643,,,1871,8.8393552,,,1685,9.43738872,90.05879209,1799,3.91095459,,,139,114.4028777,3.49730178,48631,44383,90.05879209,active,active,active,-,-,7,2697,1050,668,257,191,1.08110681,3.95473763,1871,1799,3.88335409,3.88335409,3.91095459,5.91969391,2723,571,,,,ABSOLUTE_OCPM,AUCTION,"Landing Page Views",Traffic,2026-02-02,2026-02-02,50000,Daily
"Sales - Copy","Custom Audience (Video + Interaction + LP)","JD sitting desk - Copy",2026-02-02,not_delivering,ad,1225,1375,1.12244898,"7-day click or 1-day view","Website purchases",1,1131,1131,2026-01-26,Ongoing,4.54545455,4.76190476,51.40909091,822.54545455,1131,1,22,51.40909091,,1131,21,53.85714286,95.45454545,22,1.79591837,,1,12,94.25,0.07272727,1380,1225,4.54545455,not_delivering,inactive,not_delivering,-,-,,,,,,,,,22,22,1.6,1.6,1.79591837,4.08163265,50,9,,,1500,ABSOLUTE_OCPM,AUCTION,Conversions,Sales,2026-02-02,2026-02-02,100000,Daily
"Sales - Copy","Web Audience Retarg","Opening Weekend Video - Copy 2",2026-02-02,not_delivering,ad,79,85,1.07594937,"7-day click, 1-day view, or 1-day engaged-view",,,98,,2026-01-21,Ongoing,0,0,,1152.94117647,,,,,,,,,0,,,,,,,,82,72,,not_delivering,inactive,not_delivering,-,-,4,9,3,,,,4.45454545,19.6,,,,,,2.53164557,2,2,,,1500,ABSOLUTE_OCPM,AUCTION,Conversions,Sales,2026-02-02,2026-02-02,100000,Daily
"New Advantage + With Campaigns","Japan Broad Targeting","JD Video 121 - Copy 2",2026-02-02,active,ad,920,949,1.03152174,"7-day click, 1-day view, or 1-day engaged-view",,,648,,2026-02-02,Ongoing,0,0,72,682.82402529,,,9,81,,,8,81,88.88888889,8,0.86956522,,,4,162,,989,887,,active,active,active,-,-,4,125,80,64,43,37,2.64489796,9.39130435,9,8,0.9483667,0.9483667,0.86956522,1.84782609,17,11,,,,ABSOLUTE_OCPM,AUCTION,Conversions,Sales,2026-02-02,2026-02-02,30000,Daily
"Sales - Copy","Test - Web Audience Retarg (Zaiko)","Poster [Redirect link] + related Media",2026-02-02,not_delivering,ad,69,69,1,"7-day click, 1-day view, or 1-day engaged-view",,,37,,2026-01-31,Ongoing,0,0,37,536.23188406,,,1,37,,,1,37,100,1,1.44927536,,,,,,67,67,,not_delivering,inactive,not_delivering,-,-,6,1,1,1,,,18.5,37,1,1,1.44927536,1.44927536,1.44927536,1.44927536,1,0,,,1500,ABSOLUTE_OCPM,AUCTION,Conversions,Sales,2026-02-02,2026-02-02,100000,Daily
"Sales - Copy","Zaiko + InBound (English) - Copy","Opening Weekend Video - Copy",2026-02-02,not_delivering,ad,349,391,1.12034384,"7-day click or 1-day view",,,340,,2026-01-28,Ongoing,0,0,13.6,869.56521739,,,25,17.89473684,,,17,20,68,19,5.44412607,,,5,68,,385,322,,not_delivering,inactive,not_delivering,-,-,8,92,49,30,16,16,2.125,4.53333333,25,19,6.39386189,6.39386189,5.44412607,8.30945559,29,8,,,1500,ABSOLUTE_OCPM,AUCTION,Conversions,Sales,2026-02-02,2026-02-02,100000,Daily
"Awareness 2.0","Tokyo & Kanagawa Broad",jd-bw-photo,2026-02-02,active,ad,34522,34677,1.00448989,"7-day click or 1-day view",Reach,34522,2572,74.50321534,2026-01-19,Ongoing,0,0,65.94871795,74.17019927,,,39,65.94871795,,,20,128.6,51.28205128,39,0.11297144,,,,,99.55301785,34718,34522,88517.94871795,active,active,active,-,-,,,,,,,,,39,39,0.11246648,0.11246648,0.11297144,0.17959562,62,0,,,,ABSOLUTE_OCPM,AUCTION,Reach,Awareness,2026-02-02,2026-02-02,20000,Daily
"ABOS Traffic 2.0","JD Deep Interest","JD Painting with Graphic - Copy",2026-02-02,active,ad,17,17,1,"7-day click or 1-day view","Landing page views",1,1,1,2026-01-09,Ongoing,0,0,1,58.82352941,,,1,1,,,1,1,100,1,5.88235294,,,,,5.88235294,17,17,100,active,active,active,-,-,,,,,,,,,1,1,5.88235294,5.88235294,5.88235294,5.88235294,1,0,,,,ABSOLUTE_OCPM,AUCTION,"Landing Page Views",Traffic,2026-02-02,2026-02-02,50000,Daily
"Sales - Copy","Zaiko + InBound (English) - Copy","JD Pose with Graphic",2026-02-02,not_delivering,ad,375,439,1.17066667,"7-day click or 1-day view",,,403,,2026-01-28,Ongoing,0,0,67.16666667,917.99544419,,,6,67.16666667,,,5,80.6,83.33333333,6,1.6,,,2,201.5,,442,375,,not_delivering,inactive,not_delivering,-,-,,,,,,,,,6,6,1.3667426,1.3667426,1.6,4,15,5,,,1500,ABSOLUTE_OCPM,AUCTION,Conversions,Sales,2026-02-02,2026-02-02,100000,Daily
"Awareness 2.0","Tokyo & Kanagawa Broad","Immersive Experience [Post]",2026-02-02,active,ad,77806,77906,1.00128525,"7-day click or 1-day view",Reach,77806,4914,63.157083,2026-01-19,Ongoing,0,0,62.20253165,63.07601468,,,79,62.20253165,,,32,153.5625,40.50632911,79,0.10153459,,,,,99.87164018,79689,77806,98488.60759494,active,active,active,"Above average",-,,,,,,,,,79,79,0.10140426,0.10140426,0.10153459,0.11438707,89,0,,,,ABSOLUTE_OCPM,AUCTION,Reach,Awareness,2026-02-02,2026-02-02,20000,Daily
"Sales - Copy","Custom Audience (Video + Interaction + LP)","Black and white photo - Copy",2026-02-02,not_delivering,ad,1059,1262,1.19169027,"7-day click or 1-day view","Website purchases",2,1376,688,2026-01-26,Ongoing,5.26315789,5.12820513,36.21052632,1090.33280507,688,2,38,44.38709677,458.66666667,688,39,35.28205128,102.63157895,31,2.9272899,3,2,8,172,0.15847861,1268,1029,5.26315789,not_delivering,inactive,not_delivering,-,-,8,48,33,27,8,5,7.35828877,22.93333333,38,31,3.0110935,3.0110935,2.9272899,5.19357885,55,15,,,1500,ABSOLUTE_OCPM,AUCTION,Conversions,Sales,2026-02-02,2026-02-02,100000,Daily
"ABOS Traffic 2.0","JD Deep Interest","Hello Tokyo - Copy",2026-02-02,active,ad,15,15,1,"7-day click or 1-day view","Landing page views",1,4,4,2026-01-09,Ongoing,0,0,4,266.66666667,,,1,4,,,1,4,100,1,6.66666667,,,1,4,6.66666667,15,15,100,active,active,active,-,-,,,,,,,,,1,1,6.66666667,6.66666667,6.66666667,6.66666667,1,0,,,,ABSOLUTE_OCPM,AUCTION,"Landing Page Views",Traffic,2026-02-02,2026-02-02,50000,Daily
"Sales - Copy","Zaiko + InBound (English) - Copy","JD w/ Confetti",2026-02-02,not_delivering,ad,147,161,1.0952381,"7-day click or 1-day view",,,132,,2026-01-28,Ongoing,0,0,66,819.8757764,,,2,66,,132,2,66,100,2,1.36054422,,1,1,132,,161,147,,not_delivering,inactive,not_delivering,-,-,2,,,,,,,,2,2,1.24223602,1.24223602,1.36054422,1.36054422,2,10,,,1500,ABSOLUTE_OCPM,AUCTION,Conversions,Sales,2026-02-02,2026-02-02,100000,Daily
"Sales - Copy","Test - Web Audience Retarg (Zaiko)","Black and white photo - Copy",2026-02-02,not_delivering,ad,35,36,1.02857143,"7-day click, 1-day view, or 1-day engaged-view",,,29,,2026-01-31,Ongoing,0,0,,805.55555556,,,,,,,,,0,,,,,,,,35,33,,not_delivering,inactive,not_delivering,-,-,12,3,2,2,1,1,5.8,9.66666667,,,,,,0,0,0,,,1500,ABSOLUTE_OCPM,AUCTION,Conversions,Sales,2026-02-02,2026-02-02,100000,Daily
"Sales - Copy","Custom Audience (Video + Interaction + LP)","JD w/ Confetti - Copy",2026-02-02,not_delivering,ad,261,276,1.05747126,"7-day click or 1-day view",,,238,,2026-01-26,Ongoing,0,0,238,862.31884058,,,1,238,,,1,238,100,1,0.38314176,,,1,238,,276,261,,not_delivering,inactive,not_delivering,-,-,1,,,,,,,,1,1,0.36231884,0.36231884,0.38314176,1.53256705,4,1,,,1500,ABSOLUTE_OCPM,AUCTION,Conversions,Sales,2026-02-02,2026-02-02,100000,Daily
"Sales - Copy","Zaiko + InBound (English) - Copy","JD Spray Painting Ground - Copy",2026-02-01,not_delivering,ad,119,128,1.07563025,"7-day click or 1-day view",,,92,,2026-01-28,Ongoing,0,0,92,718.75,,,1,92,,,1,92,100,1,0.84033613,,,,,,128,119,,not_delivering,inactive,not_delivering,-,-,,,,,,,,,1,1,0.78125,0.78125,0.84033613,5.04201681,6,0,,,1500,ABSOLUTE_OCPM,AUCTION,Conversions,Sales,2026-02-01,2026-02-01,100000,Daily
"Sales - Copy","Custom Audience (Video + Interaction + LP)","JD Pose with Graphic - Copy",2026-02-01,not_delivering,ad,199,214,1.07537688,"7-day click or 1-day view",,,178,,2026-01-26,Ongoing,0,0,89,831.77570093,,,2,89,,,2,89,100,2,1.00502513,,,1,178,,215,199,,not_delivering,inactive,not_delivering,-,-,,,,,,,,,2,2,0.93457944,0.93457944,1.00502513,3.01507538,6,1,,,1500,ABSOLUTE_OCPM,AUCTION,Conversions,Sales,2026-02-01,2026-02-01,100000,Daily
"Sales - Copy","Web Audience Retarg","JD Spray Painting Ground - Copy 2",2026-02-01,not_delivering,ad,2,2,1,"7-day click, 1-day view, or 1-day engaged-view",,,3,,2026-01-21,Ongoing,0,0,3,1500,,,1,3,,,1,3,100,1,50,,,,,,2,2,,not_delivering,inactive,not_delivering,-,-,,,,,,,,,1,1,50,50,50,50,1,0,,,1500,ABSOLUTE_OCPM,AUCTION,Conversions,Sales,2026-02-01,2026-02-01,100000,Daily
"Sales - Copy","Custom Audience (Video + Interaction + LP)","Opening Weekend Video - Copy 2",2026-02-01,not_delivering,ad,1939,2196,1.13254255,"7-day click or 1-day view","Website purchases",3,2279,759.66666667,2026-01-26,Ongoing,3.79746835,4.54545455,28.84810127,1037.79599271,759.66666667,3,79,32.55714286,1139.5,759.66666667,66,34.53030303,83.5443038,70,3.6101083,2,3,20,113.95,0.13661202,2204,1855,3.79746835,not_delivering,inactive,not_delivering,Average,"Above average",9,408,236,155,115,110,2.52660754,7.07763975,79,70,3.59744991,3.59744991,3.6101083,7.27178958,141,31,,,1500,ABSOLUTE_OCPM,AUCTION,Conversions,Sales,2026-02-01,2026-02-01,100000,Daily
"Sales - Copy","Zaiko + InBound (English) - Copy","JD sitting desk",2026-02-01,not_delivering,ad,130,143,1.1,"7-day click or 1-day view",,,118,,2026-01-28,Ongoing,0,0,59,825.17482517,,,2,59,,,1,118,50,2,1.53846154,,,1,118,,144,130,,not_delivering,inactive,not_delivering,-,-,,,,,,,,,2,2,1.3986014,1.3986014,1.53846154,6.92307692,9,3,,,1500,ABSOLUTE_OCPM,AUCTION,Conversions,Sales,2026-02-01,2026-02-01,100000,Daily
"Awareness 2.0","Tokyo & Kanagawa Broad","JD - Something Inspires Vid",2026-02-01,active,ad,131,131,1,"7-day click or 1-day view",Reach,131,8,61.06870229,2026-01-19,Ongoing,0,0,,61.06870229,,,,,,,,,0,,,,,,,100,136,118,,active,active,active,-,-,1,,,,,,0.5,,,,,,,0,0,0,,,,ABSOLUTE_OCPM,AUCTION,Reach,Awareness,2026-02-01,2026-02-01,20000,Daily
"Sales - Copy","Zaiko + InBound (English) - Copy","JD Painting Video - Copy",2026-02-01,not_delivering,ad,205,256,1.24878049,"7-day click or 1-day view",,,283,,2026-01-28,Ongoing,0,0,23.58333333,1105.46875,,,12,31.44444444,283,,8,35.375,66.66666667,9,4.3902439,1,,1,283,,252,193,,not_delivering,inactive,not_delivering,-,-,12,57,37,21,17,13,3.0106383,4.96491228,12,9,4.6875,4.6875,4.3902439,5.36585366,11,1,,,1500,ABSOLUTE_OCPM,AUCTION,Conversions,Sales,2026-02-01,2026-02-01,100000,Daily
"Sales - Copy","Custom Audience (Video + Interaction + LP)","JD Spray Painting Ground - Copy 2",2026-02-01,not_delivering,ad,66,68,1.03030303,"7-day click or 1-day view",,,59,,2026-01-26,Ongoing,0,0,,867.64705882,,,,,,,,,0,,,,,,,,68,66,,not_delivering,inactive,not_delivering,-,-,,,,,,,,,,,,,,3.03030303,2,0,,,1500,ABSOLUTE_OCPM,AUCTION,Conversions,Sales,2026-02-01,2026-02-01,100000,Daily
"Awareness 2.0","Tokyo & Kanagawa Broad","JD Konnichiwa Vid",2026-02-01,active,ad,27903,28032,1.00462316,"7-day click or 1-day view",Reach,27903,2046,73.32544888,2026-01-19,Ongoing,0,0,120.35294118,72.9880137,,,17,120.35294118,,,13,157.38461538,76.47058824,17,0.06092535,,,3,682,99.53981164,26953,24840,164135.29411765,active,active,active,Average,-,2,291,104,60,22,20,0.53198128,4.48684211,17,17,0.06064498,0.06064498,0.06092535,0.46948357,131,1,,,,ABSOLUTE_OCPM,AUCTION,Reach,Awareness,2026-02-01,2026-02-01,20000,Daily
"Sales - Copy","Custom Audience (Video + Interaction + LP)","JD Konnichiwa Video",2026-02-01,not_delivering,ad,296,334,1.12837838,"7-day click or 1-day view",,,308,,2026-01-26,Ongoing,0,0,28,922.15568862,,,11,34.22222222,,,9,34.22222222,81.81818182,9,3.04054054,,,1,308,,338,285,,not_delivering,inactive,not_delivering,-,-,11,32,21,16,9,7,3.71084337,8.10526316,11,9,3.29341317,3.29341317,3.04054054,4.72972973,14,3,,,1500,ABSOLUTE_OCPM,AUCTION,Conversions,Sales,2026-02-01,2026-02-01,100000,Daily
"Sales - Copy","Custom Audience (Video + Interaction + LP)","Flexible 3 Groups",2026-02-01,not_delivering,ad,3133,4349,1.3881264,"7-day click or 1-day view","Website purchases",3,4873,1624.33333333,2026-01-26,Ongoing,2.54237288,2.88461538,41.29661017,1120.48746838,1624.33333333,3,118,44.70642202,974.6,1218.25,104,46.85576923,88.13559322,109,3.47909352,5,4,45,108.28888889,0.06898138,4391,3110,2.54237288,not_delivering,inactive,not_delivering,-,-,9,116,59,41,15,12,11.85644769,30.08024691,118,109,2.71326742,2.71326742,3.47909352,7.3731248,231,50,,,1500,ABSOLUTE_OCPM,AUCTION,Conversions,Sales,2026-02-01,2026-02-01,100000,Daily
"Sales - Copy","Custom Audience (Video + Interaction + LP)","JD Graffiti Paint - Copy",2026-02-01,not_delivering,ad,1,1,1,"7-day click or 1-day view",,,0,,2026-01-26,Ongoing,0,0,,0,,,,,,,,,0,,,,,,,,1,1,,not_delivering,inactive,not_delivering,-,-,,,,,,,,,,,,,,0,0,0,,,1500,ABSOLUTE_OCPM,AUCTION,Conversions,Sales,2026-02-01,2026-02-01,100000,Daily
"Sales - Copy","Zaiko + InBound (English) - Copy","Poster [Redirect link]",2026-02-01,not_delivering,ad,1023,1146,1.1202346,"7-day click or 1-day view",,,902,,2026-01-28,Ongoing,0,0,53.05882353,787.08551483,,,17,60.13333333,902,,16,56.375,94.11764706,15,1.46627566,1,,2,451,,1153,1023,,not_delivering,inactive,not_delivering,-,-,,,,,,,,,17,15,1.48342059,1.48342059,1.46627566,5.86510264,60,8,,,1500,ABSOLUTE_OCPM,AUCTION,Conversions,Sales,2026-02-01,2026-02-01,100000,Daily
"Sales - Copy","Zaiko + InBound (English) - Copy","JD Pose with Graphic",2026-02-01,not_delivering,ad,653,755,1.15620214,"7-day click or 1-day view","Website purchases",1,584,584,2026-01-28,Ongoing,12.5,14.28571429,73,773.50993377,584,1,8,73,584,584,7,83.42857143,87.5,8,1.22511485,1,1,5,116.8,0.13245033,757,653,12.5,not_delivering,inactive,not_delivering,-,-,,,,,,,,,8,8,1.05960265,1.05960265,1.22511485,2.45022971,16,9,,,1500,ABSOLUTE_OCPM,AUCTION,Conversions,Sales,2026-02-01,2026-02-01,100000,Daily
"Sales - Copy","Zaiko + InBound (English) - Copy","JD Konnichiwa Video",2026-02-01,not_delivering,ad,449,485,1.08017817,"7-day click or 1-day view",,,357,,2026-01-28,Ongoing,0,0,29.75,736.08247423,,,12,29.75,,,9,39.66666667,75,12,2.67260579,,,2,178.5,,490,438,,not_delivering,inactive,not_delivering,-,-,9,50,28,15,5,5,2.24528302,5.85245902,12,12,2.4742268,2.4742268,2.67260579,4.89977728,22,12,,,1500,ABSOLUTE_OCPM,AUCTION,Conversions,Sales,2026-02-01,2026-02-01,100000,Daily
"Sales - Copy","Web Audience Retarg","Poster [Redirect link] + related Media",2026-02-01,not_delivering,ad,489,566,1.15746421,"7-day click, 1-day view, or 1-day engaged-view",,,819,,2026-01-21,Ongoing,0,0,81.9,1446.99646643,,,10,91,,,8,102.375,80,9,1.8404908,,,1,819,,566,480,,not_delivering,inactive,not_delivering,-,-,8,35,19,15,5,4,8.90217391,20.475,10,9,1.76678445,1.76678445,1.8404908,3.47648262,17,7,,,1500,ABSOLUTE_OCPM,AUCTION,Conversions,Sales,2026-02-01,2026-02-01,100000,Daily
"Sales - Copy","Zaiko + InBound (English) - Copy","Opening Weekend Video - Copy",2026-02-01,not_delivering,ad,515,583,1.13203883,"7-day click or 1-day view","Website purchases",1,546,546,2026-01-28,Ongoing,4.34782609,5.88235294,23.73913043,936.53516295,546,1,23,28.73684211,546,,17,32.11764706,73.91304348,19,3.68932039,1,,3,182,0.17152659,595,492,4.34782609,not_delivering,inactive,not_delivering,"Above average","Above average",10,146,78,50,28,27,2.02222222,5.05555556,23,19,3.94511149,3.94511149,3.68932039,6.21359223,32,13,,,1500,ABSOLUTE_OCPM,AUCTION,Conversions,Sales,2026-02-01,2026-02-01,100000,Daily
"Awareness 2.0","Tokyo & Kanagawa Broad","Immersive Experience [Post]",2026-02-01,active,ad,10813,11104,1.02691205,"7-day click or 1-day view",Reach,10813,802,74.16998058,2026-01-19,Ongoing,0,0,100.25,72.22622478,,,8,100.25,,,6,133.66666667,75,8,0.07398502,,,,,97.37932277,11174,10813,135162.5,active,active,active,"Above average",-,,,,,,,,,8,8,0.07204611,0.07204611,0.07398502,0.14797004,16,0,,,,ABSOLUTE_OCPM,AUCTION,Reach,Awareness,2026-02-01,2026-02-01,20000,Daily
"Sales - Copy","Custom Audience (Video + Interaction + LP)","Black and white photo - Copy",2026-02-01,not_delivering,ad,1772,2231,1.25902935,"7-day click or 1-day view",,,2585,,2026-01-26,Ongoing,0,0,40.390625,1158.6732407,,,64,48.77358491,2585,,54,47.87037037,84.375,53,2.99097065,1,,16,161.5625,,2241,1737,,not_delivering,inactive,not_delivering,-,-,7,114,46,37,12,10,6.5443038,17.58503401,64,53,2.86866876,2.86866876,2.99097065,5.53047404,98,22,,,1500,ABSOLUTE_OCPM,AUCTION,Conversions,Sales,2026-02-01,2026-02-01,100000,Daily
"Sales - Copy","Zaiko + InBound (English) - Copy","JD w/ Confetti",2026-02-01,not_delivering,ad,361,408,1.13019391,"7-day click or 1-day view",,,300,,2026-01-28,Ongoing,0,0,100,735.29411765,,,3,100,,,3,100,100,3,0.83102493,,,,,,409,361,,not_delivering,inactive,not_delivering,-,-,1,,,,,,,,3,3,0.73529412,0.73529412,0.83102493,1.38504155,5,3,,,1500,ABSOLUTE_OCPM,AUCTION,Conversions,Sales,2026-02-01,2026-02-01,100000,Daily
"Sales - Copy","Custom Audience (Video + Interaction + LP)","JD w/ Confetti - Copy",2026-02-01,not_delivering,ad,512,570,1.11328125,"7-day click or 1-day view",,,576,,2026-01-26,Ongoing,0,0,36,1010.52631579,,,16,44.30769231,,,15,38.4,93.75,13,2.5390625,,,5,115.2,,570,512,,not_delivering,inactive,not_delivering,-,-,2,,,,,,288,,16,13,2.80701754,2.80701754,2.5390625,3.3203125,17,3,,,1500,ABSOLUTE_OCPM,AUCTION,Conversions,Sales,2026-02-01,2026-02-01,100000,Daily
"Sales - Copy","Web Audience Retarg","JD Pose with Graphic - Copy",2026-02-01,not_delivering,ad,16,17,1.0625,"7-day click, 1-day view, or 1-day engaged-view",,,20,,2026-01-21,Ongoing,0,0,,1176.47058824,,,,,,,,,0,,,,,,,,17,16,,not_delivering,inactive,not_delivering,-,-,,,,,,,,,,,,,,0,0,0,,,1500,ABSOLUTE_OCPM,AUCTION,Conversions,Sales,2026-02-01,2026-02-01,100000,Daily
"Awareness 2.0","Tokyo & Kanagawa Broad",jd-bw-photo,2026-02-01,active,ad,26654,26928,1.01027988,"7-day click or 1-day view",Reach,26654,1951,73.1972687,2026-01-19,Ongoing,0,0,108.38888889,72.45246583,,,18,108.38888889,,,12,162.58333333,66.66666667,18,0.06753208,,,,,98.98247178,26961,26654,148077.77777778,active,active,active,-,-,,,,,,,,,18,18,0.06684492,0.06684492,0.06753208,0.13881594,37,1,,,,ABSOLUTE_OCPM,AUCTION,Reach,Awareness,2026-02-01,2026-02-01,20000,Daily
"Awareness 2.0","Tokyo & Kanagawa Broad","Opening Day Line Vid [Post] - Copy",2026-02-01,active,ad,12174,12174,1,"7-day click or 1-day view",Reach,12174,919,75.48874651,2026-01-19,Ongoing,0,0,229.75,75.48874651,,,4,229.75,,,2,459.5,50,4,0.03285691,,,,,100,11746,11070,304350,active,active,active,Average,-,2,430,114,53,29,30,0.40898976,4.25462963,4,4,0.03285691,0.03285691,0.03285691,0.17249877,21,0,,,,ABSOLUTE_OCPM,AUCTION,Reach,Awareness,2026-02-01,2026-02-01,20000,Daily
"Sales - Copy","Web Audience Retarg","Opening Weekend Video - Copy 2",2026-02-01,not_delivering,ad,14,16,1.14285714,"7-day click, 1-day view, or 1-day engaged-view",,,21,,2026-01-21,Ongoing,0,0,,1312.5,,,,,,,,,0,,,,,,,,17,13,,not_delivering,inactive,not_delivering,-,-,13,4,3,1,1,1,4.2,7,,,,,,14.28571429,2,1,,,1500,ABSOLUTE_OCPM,AUCTION,Conversions,Sales,2026-02-01,2026-02-01,100000,Daily
"Sales - Copy","Custom Audience (Video + Interaction + LP)","JD sitting desk - Copy",2026-02-01,not_delivering,ad,1396,1666,1.19340974,"7-day click or 1-day view","Website purchases",3,1507,502.33333333,2026-01-26,Ongoing,9.375,11.11111111,47.09375,904.56182473,502.33333333,3,32,50.23333333,753.5,753.5,27,55.81481481,84.375,30,2.14899713,2,2,19,79.31578947,0.18007203,1670,1396,9.375,not_delivering,inactive,not_delivering,-,-,,,,,,,,,32,30,1.92076831,1.92076831,2.14899713,4.22636103,59,17,,,1500,ABSOLUTE_OCPM,AUCTION,Conversions,Sales,2026-02-01,2026-02-01,100000,Daily
"Awareness 2.0","Tokyo & Kanagawa Broad","Opening Day Line Vid [Post]",2026-02-01,active,ad,1,1,1,"7-day click or 1-day view",Reach,1,0,0,2026-01-19,Ongoing,0,0,,0,,,,,,,,,0,,,,,,,100,1,1,,active,active,active,-,-,2,,,,,,,,,,,,,0,0,0,,,,ABSOLUTE_OCPM,AUCTION,Reach,Awareness,2026-02-01,2026-02-01,20000,Daily
"Sales - Copy","Zaiko + InBound (English) - Copy","JD Graffiti Paint - Copy",2026-02-01,not_delivering,ad,258,289,1.12015504,"7-day click or 1-day view",,,316,,2026-01-28,Ongoing,0,0,52.66666667,1093.42560554,,,6,52.66666667,,,6,52.66666667,100,6,2.3255814,,,1,316,,289,258,,not_delivering,inactive,not_delivering,-,-,,,,,,,,,6,6,2.07612457,2.07612457,2.3255814,4.26356589,11,2,,,1500,ABSOLUTE_OCPM,AUCTION,Conversions,Sales,2026-02-01,2026-02-01,100000,Daily
"Sales - Copy","Test - Web Audience Retarg (Zaiko)",Poster,2026-02-01,not_delivering,ad,1,1,1,"7-day click, 1-day view, or 1-day engaged-view",,,0,,2026-01-31,Ongoing,0,0,,0,,,,,,,,,0,,,,,,,,1,1,,not_delivering,inactive,not_delivering,-,-,,,,,,,,,,,,,,0,0,0,,,1500,ABSOLUTE_OCPM,AUCTION,Conversions,Sales,2026-02-01,2026-02-01,100000,Daily
"Sales - Copy","Custom Audience (Video + Interaction + LP)","Poster [Redirect link] + related Media",2026-02-01,not_delivering,ad,1343,1492,1.11094564,"7-day click or 1-day view","Website purchases",2,1556,778,2026-01-26,Ongoing,4.87804878,5.71428571,37.95121951,1042.89544236,778,2,41,39.8974359,778,778,35,44.45714286,85.36585366,39,2.90394639,2,2,9,172.88888889,0.13404826,1483,1316,4.87804878,not_delivering,inactive,not_delivering,-,-,8,45,20,13,3,2,8.99421965,25.09677419,41,39,2.74798928,2.74798928,2.90394639,5.21221147,70,18,,,1500,ABSOLUTE_OCPM,AUCTION,Conversions,Sales,2026-02-01,2026-02-01,100000,Daily
"Sales - Copy","Zaiko + InBound (English) - Copy","Poster [Redirect link] + related Media",2026-02-01,not_delivering,ad,3519,3929,1.11651037,"7-day click or 1-day view","Website purchases",1,2920,2920,2026-01-28,Ongoing,1.81818182,2.56410256,53.09090909,743.19165182,2920,1,55,58.4,973.33333333,2920,39,74.87179487,70.90909091,50,1.4208582,3,1,19,153.68421053,0.02545177,3940,3519,1.81818182,not_delivering,inactive,not_delivering,-,-,3,,,,,,132.72727273,973.33333333,55,50,1.39984729,1.39984729,1.4208582,2.61437908,92,39,,,1500,ABSOLUTE_OCPM,AUCTION,Conversions,Sales,2026-02-01,2026-02-01,100000,Daily
"Sales - Copy","Web Audience Retarg","Flexible 3 Groups",2026-02-01,not_delivering,ad,0,0,0,"7-day click, 1-day view, or 1-day engaged-view","Website purchases",1,0,0,2026-01-21,Ongoing,0,0,,,0,1,,,0,0,,,0,,,1,1,1,0,,0,0,,not_delivering,inactive,not_delivering,-,-,,,,,,,,,,,,,,,0,0,,,1500,ABSOLUTE_OCPM,AUCTION,Conversions,Sales,2026-02-01,2026-02-01,100000,Daily
