"Campaign name","Ad name","Ad set name",Day,"Delivery status","Delivery level",Reach,Impressions,Frequency,"Attribution setting","Result type",Results,"Amount spent (JPY)","Cost per result",Starts,Ends,"Purchases rate per link clicks","Purchases rate per landing page views","CPC (cost per link click)","CPM (cost per 1,000 impressions)","Cost per purchase",Purchases,"Link clicks","Cost per unique link click","Cost per add to cart","Cost per checkout initiated","Landing page views","Cost per landing page view","Landing page views rate per link clicks","Unique link clicks","Unique CTR (link click-through rate)","Adds to cart","Checkouts initiated",Leads,"Cost per lead","Reporting starts","Reporting ends"
"ABOS Traffic 2.0","JD Konnichiwa Video - Copy","Broad JP Cities",2026-01-21,active,ad,0,0,0,"7-day click or 1-day view",,,0,,2026-01-09,Ongoing,0,0,,,,,,,,,,,0,,,,,2,0,2026-01-21,2026-01-21
"ABOS Traffic 2.0","JD announcement date post","Broad JP Cities",2026-01-21,active,ad,0,0,0,"7-day click or 1-day view",,,0,,2026-01-09,Ongoing,0,0,,,0,1,,,0,0,,,0,,,1,1,2,0,2026-01-21,2026-01-21
"ABOS Traffic 2.0","Black and white photo","Broad JP Cities",2026-01-21,active,ad,0,0,0,"7-day click or 1-day view",,,0,,2026-01-09,Ongoing,0,0,,,,,,,,,,,0,,,,,1,0,2026-01-21,2026-01-21
"Awareness 2.0","JD Konnichiwa Vid","Tokyo & Kanagawa Broad",2026-01-21,active,ad,743,791,1.06460296,"7-day click or 1-day view",Reach,743,40,53.83580081,2026-01-19,Ongoing,0,0,,50.56890013,,,,,,,,,0,,,,,,,2026-01-21,2026-01-21
"Awareness 2.0","JD - Something Inspires Vid","Tokyo & Kanagawa Broad",2026-01-21,active,ad,344,346,1.00581395,"7-day click or 1-day view",Reach,344,5,14.53488372,2026-01-19,Ongoing,0,0,,14.45086705,,,,,,,,,0,,,,,,,2026-01-21,2026-01-21
"Sales - Copy","Poster [Redirect link] + related Media","Web Audience Retarg",2026-01-21,active,ad,236,335,1.41949153,"7-day click, 1-day view, or 1-day engaged-view",,,233,,2026-01-21,Ongoing,0,0,23.3,695.52238806,,,10,25.88888889,,,9,25.88888889,90,9,3.81355932,,,4,58.25,2026-01-21,2026-01-21
"Awareness 2.0","Immersive Experience [Post]","Tokyo & Kanagawa Broad",2026-01-21,active,ad,9613,9613,1,"7-day click or 1-day view",Reach,9613,569,59.19067929,2026-01-19,Ongoing,0,0,81.28571429,59.19067929,,,7,81.28571429,,,5,113.8,71.42857143,7,0.07281806,,,1,569,2026-01-21,2026-01-21
"Awareness 2.0",jd-bw-photo,"Tokyo & Kanagawa Broad",2026-01-21,active,ad,41561,43102,1.03707803,"7-day click or 1-day view",Reach,41561,2945,70.8597002,2026-01-19,Ongoing,0,0,79.59459459,68.32629576,,,37,79.59459459,,,22,133.86363636,59.45945946,37,0.08902577,,,1,2945,2026-01-21,2026-01-21
"Awareness 2.0","Opening Day Line Vid [Post] - Copy","Tokyo & Kanagawa Broad",2026-01-21,active,ad,706,709,1.00424929,"7-day click or 1-day view",Reach,706,26,36.82719547,2026-01-19,Ongoing,0,0,,36.67136812,,,,,,,,,0,,,,,,,2026-01-21,2026-01-21
"ABOS Sales Campaign","AR Experience [Post]","Retarg [engagers] - Jan 14",2026-01-21,not_delivering,ad,0,0,0,"7-day click, 1-day view, or 1-day engaged-view",,,0,,2025-12-06,2026-01-19,0,0,,,,,,,,,,,0,,,,,1,0,2026-01-21,2026-01-21
"Awareness 2.0","Opening Day Line Vid [Post]","Tokyo & Kanagawa Broad",2026-01-21,active,ad,244,247,1.01229508,"7-day click or 1-day view",Reach,244,5,20.49180328,2026-01-19,Ongoing,0,0,,20.24291498,,,,,,,,,0,,,,,,,2026-01-21,2026-01-21
"ABOS Traffic 2.0","JD Konnichiwa Video - Copy","Broad JP Cities",2026-01-20,active,ad,0,0,0,"7-day click or 1-day view",,,0,,2026-01-09,Ongoing,0,0,,,0,1,,,0,0,,,0,,,1,2,8,0,2026-01-20,2026-01-20
"ABOS Sales Campaign","AR Experience [Post]","Retarg [engagers] - Jan 14",2026-01-20,not_delivering,ad,0,0,0,"7-day click, 1-day view, or 1-day engaged-view",,,0,,2025-12-06,2026-01-19,0,0,,,,,,,,,,,0,,,,,2,0,2026-01-20,2026-01-20
"ABOS Traffic 2.0","JD announcement date post","Broad JP Cities",2026-01-20,active,ad,0,0,0,"7-day click or 1-day view",,,0,,2026-01-09,Ongoing,0,0,,,,,,,,,,,0,,,,,2,0,2026-01-20,2026-01-20
"ABOS Sales Campaign",Poster,"Zaiko + InBound (English)",2026-01-20,not_delivering,ad,0,0,0,"7-day click, 1-day view, or 1-day engaged-view",,,0,,2025-12-06,2026-01-19,0,0,,,,,,,,,,,0,,,,,3,0,2026-01-20,2026-01-20
"ABOS Traffic 2.0","Black and white photo","Broad JP Cities",2026-01-20,active,ad,0,0,0,"7-day click or 1-day view",,,0,,2026-01-09,Ongoing,0,0,,,,,,,,,,,0,,,,,4,0,2026-01-20,2026-01-20
"ABOS Traffic 2.0","JD announcement date post","Broad JP Cities",2026-01-19,active,ad,2867,2888,1.00732473,"7-day click or 1-day view","Landing page views",90,605,6.72222222,2026-01-09,Ongoing,0,0,6.72222222,209.48753463,,,90,6.72222222,,605,90,6.72222222,100,90,3.13916986,,1,10,60.5,2026-01-19,2026-01-19
"ABOS Sales Campaign","AR Experience [Post] - Copy","Zaiko + InBound (English)",2026-01-19,not_delivering,ad,0,0,0,"7-day click, 1-day view, or 1-day engaged-view","Website purchases",2,0,0,2025-12-06,2026-01-19,0,0,,,0,2,,,0,,,,0,,,1,,1,0,2026-01-19,2026-01-19
"ABOS Sales Campaign","JD Konnichiwa Video","Zaiko + InBound (English)",2026-01-19,not_delivering,ad,0,0,0,"7-day click, 1-day view, or 1-day engaged-view",,,0,,2025-12-06,2026-01-19,0,0,,,,,,,,,,,0,,,,,1,0,2026-01-19,2026-01-19
"ABOS Sales Campaign","JD Pose with Graphic","Zaiko + InBound (English)",2026-01-19,not_delivering,ad,0,0,0,"7-day click, 1-day view, or 1-day engaged-view",,,0,,2025-12-06,2026-01-19,0,0,,,,,,,,,,,0,,,,,1,0,2026-01-19,2026-01-19
"ABOS Sales Campaign","Opening Weekend Video - Copy","Zaiko + InBound (English)",2026-01-19,not_delivering,ad,0,0,0,"7-day click, 1-day view, or 1-day engaged-view",,,0,,2025-12-06,2026-01-19,0,0,,,,,,,,,,,0,,,,,1,0,2026-01-19,2026-01-19
"ABOS Sales Campaign",Poster,"Zaiko + InBound (English)",2026-01-19,not_delivering,ad,0,0,0,"7-day click, 1-day view, or 1-day engaged-view",,,0,,2025-12-06,2026-01-19,0,0,,,,,,,,,,,0,,,,,2,0,2026-01-19,2026-01-19
"ABOS Traffic 2.0","Black and white photo","Broad JP Cities",2026-01-19,active,ad,2542,2542,1,"7-day click or 1-day view","Landing page views",104,726,6.98076923,2026-01-09,Ongoing,0,0,6.66055046,285.60188828,,,109,6.72222222,,,104,6.98076923,95.41284404,108,4.24862313,,,11,66,2026-01-19,2026-01-19
"ABOS Traffic 2.0","JD Konnichiwa Video - Copy","JD Deep Interest",2026-01-19,active,ad,122,124,1.01639344,"7-day click or 1-day view","Landing page views",3,40,13.33333333,2026-01-09,Ongoing,0,0,10,322.58064516,,,4,10,,,3,13.33333333,75,4,3.27868852,,,2,20,2026-01-19,2026-01-19
"ABOS Sales Campaign","JD sitting desk","Zaiko + InBound (English)",2026-01-19,not_delivering,ad,0,0,0,"7-day click, 1-day view, or 1-day engaged-view",,,0,,2025-12-06,2026-01-19,0,0,,,,,,,,,,,0,,,,,1,0,2026-01-19,2026-01-19
"ABOS Traffic 2.0","JD with Skeleton Confetti","Broad JP Cities",2026-01-19,active,ad,1,1,1,"7-day click or 1-day view",,,0,,2026-01-09,Ongoing,0,0,,0,,,,,,,,,0,,,,,,,2026-01-19,2026-01-19
"ABOS Traffic 2.0","JD Photography - Copy 2","JD Deep Interest",2026-01-19,active,ad,1,1,1,"7-day click or 1-day view",,,0,,2026-01-09,Ongoing,0,0,,0,,,,,,,,,0,,,,,,,2026-01-19,2026-01-19
"ABOS Traffic 2.0","JD Konnichiwa Video - Copy","Broad JP Cities",2026-01-19,active,ad,9593,9772,1.01865944,"7-day click or 1-day view","Landing page views",463,3410,7.3650108,2026-01-09,Ongoing,0.21276596,0.21598272,7.25531915,348.95620139,3410,1,470,7.27078891,3410,1705,463,7.3650108,98.5106383,469,4.88898155,1,2,65,52.46153846,2026-01-19,2026-01-19
"ABOS Sales Campaign","JD Painting Video - Copy","Zaiko + InBound (English)",2026-01-19,not_delivering,ad,0,0,0,"7-day click, 1-day view, or 1-day engaged-view","Website purchases",2,0,0,2025-12-06,2026-01-19,0,0,,,0,2,,,0,0,,,0,,,2,1,,,2026-01-19,2026-01-19
"ABOS Traffic 2.0","JD announcement date post","Broad JP Cities",2026-01-18,active,ad,16140,16584,1.02750929,"7-day click or 1-day view","Landing page views",490,3479,7.1,2026-01-09,Ongoing,0,0,6.44259259,209.78051134,,,540,6.69038462,,,490,7.1,90.74074074,520,3.22180917,,,35,99.4,2026-01-18,2026-01-18
"ABOS Traffic 2.0","Hello Tokyo - Copy","Broad JP Cities",2026-01-18,active,ad,30,30,1,"7-day click or 1-day view","Landing page views",1,8,8,2026-01-09,Ongoing,0,0,8,266.66666667,,,1,8,,,1,8,100,1,3.33333333,,,1,8,2026-01-18,2026-01-18
"ABOS Traffic 2.0","JD Spray Painting Ground","Broad JP Cities",2026-01-18,active,ad,67,67,1,"7-day click or 1-day view",,,10,,2026-01-09,Ongoing,0,0,,149.25373134,,,,,,,,,0,,,,,,,2026-01-18,2026-01-18
"ABOS Sales Campaign","JD Konnichiwa Video","Zaiko + InBound (English)",2026-01-18,not_delivering,ad,0,0,0,"7-day click, 1-day view, or 1-day engaged-view",,,0,,2025-12-06,2026-01-19,0,0,,,,,,,,,,,0,,,,,1,0,2026-01-18,2026-01-18
"ABOS Traffic 2.0","Black and white photo","Broad JP Cities",2026-01-18,active,ad,15487,16161,1.04352037,"7-day click or 1-day view","Landing page views",610,4605,7.54918033,2026-01-09,Ongoing,0.15576324,0.16393443,7.1728972,284.94523854,4605,1,642,7.5245098,4605,2302.5,610,7.54918033,95.01557632,612,3.95170143,1,2,47,97.9787234,2026-01-18,2026-01-18
"ABOS Sales Campaign","JD Pose with Graphic","Zaiko + InBound (English)",2026-01-18,not_delivering,ad,0,0,0,"7-day click, 1-day view, or 1-day engaged-view",,,0,,2025-12-06,2026-01-19,0,0,,,,,,,,,,,0,,,,,3,0,2026-01-18,2026-01-18
"ABOS Sales Campaign",Poster,"Zaiko + InBound (English)",2026-01-18,not_delivering,ad,0,0,0,"7-day click, 1-day view, or 1-day engaged-view",,,0,,2025-12-06,2026-01-19,0,0,,,,,,,0,0,,,0,,,2,2,3,0,2026-01-18,2026-01-18
"ABOS Sales Campaign","Opening Weekend Video - Copy","Zaiko + InBound (English)",2026-01-18,not_delivering,ad,0,0,0,"7-day click, 1-day view, or 1-day engaged-view",,,0,,2025-12-06,2026-01-19,0,0,,,,,,,,,,,0,,,,,2,0,2026-01-18,2026-01-18
"ABOS Sales Campaign","Poster [Redirect link]","Zaiko + InBound (English)",2026-01-18,not_delivering,ad,0,0,0,"7-day click, 1-day view, or 1-day engaged-view",,,0,,2025-12-06,2026-01-19,0,0,,,,,,,,,,,0,,,,,3,0,2026-01-18,2026-01-18
"ABOS Traffic 2.0","JD Photograph with graphics - Copy","Broad JP Cities",2026-01-18,active,ad,3,3,1,"7-day click or 1-day view",,,0,,2026-01-09,Ongoing,0,0,,0,,,,,,,,,0,,,,,,,2026-01-18,2026-01-18
"ABOS Traffic 2.0","JD Painting with Graphic - Copy","Broad JP Cities",2026-01-18,active,ad,17,17,1,"7-day click or 1-day view","Landing page views",1,1,1,2026-01-09,Ongoing,0,0,1,58.82352941,,,1,1,,,1,1,100,1,5.88235294,,,,,2026-01-18,2026-01-18
"ABOS Sales Campaign","AR Experience [Post]","Retarg [engagers] - Jan 14",2026-01-18,not_delivering,ad,0,0,0,"7-day click, 1-day view, or 1-day engaged-view",,,0,,2025-12-06,2026-01-19,0,0,,,,,,,,,,,0,,,,,1,0,2026-01-18,2026-01-18
"ABOS Traffic 2.0","JD Photograph with graphics - Copy","JD Deep Interest",2026-01-18,active,ad,6,6,1,"7-day click or 1-day view",,,0,,2026-01-09,Ongoing,0,0,0,0,,,1,0,,,,,0,1,16.66666667,,,,,2026-01-18,2026-01-18
"ABOS Traffic 2.0","JD Konnichiwa Video - Copy","Broad JP Cities",2026-01-18,active,ad,71876,72547,1.00933552,"7-day click or 1-day view","Landing page views",3382,25776,7.62152572,2026-01-09,Ongoing,0.0271813,0.0295683,7.0062517,355.30070161,25776,1,3679,7.0062517,5155.2,25776,3382,7.62152572,91.92715412,3679,5.11853748,5,1,365,70.61917808,2026-01-18,2026-01-18
"ABOS Traffic 2.0","JD Konnichiwa Video - Copy","JD Deep Interest",2026-01-18,active,ad,333,333,1,"7-day click or 1-day view","Landing page views",18,121,6.72222222,2026-01-09,Ongoing,0,0,6.72222222,363.36336336,,,18,7.11764706,,,18,6.72222222,100,17,5.10510511,,,1,121,2026-01-18,2026-01-18
"ABOS Traffic 2.0","JD announcement date post","JD Deep Interest",2026-01-17,active,ad,4,4,1,"7-day click or 1-day view",,,0,,2026-01-09,Ongoing,0,0,,0,,,,,,,,,0,,,,,,,2026-01-17,2026-01-17
"ABOS Traffic 2.0","JD announcement date post","Broad JP Cities",2026-01-17,active,ad,16965,17048,1.00489243,"7-day click or 1-day view","Landing page views",654,4293,6.56422018,2026-01-09,Ongoing,0.29069767,0.3058104,6.23982558,251.81839512,2146.5,2,688,6.48489426,,4293,654,6.56422018,95.05813953,662,3.90215149,,1,64,67.078125,2026-01-17,2026-01-17
"ABOS Sales Campaign",Poster,"Zaiko + InBound (English)",2026-01-17,not_delivering,ad,0,0,0,"7-day click, 1-day view, or 1-day engaged-view",,,0,,2025-12-06,2026-01-19,0,0,,,,,,,,,,,0,,,,,4,0,2026-01-17,2026-01-17
"ABOS Sales Campaign","Opening Weekend Video - Copy","Zaiko + InBound (English)",2026-01-17,not_delivering,ad,0,0,0,"7-day click, 1-day view, or 1-day engaged-view",,,0,,2025-12-06,2026-01-19,0,0,,,,,,,,,,,0,,,,,4,0,2026-01-17,2026-01-17
"ABOS Sales Campaign","AR Experience [Post] - Copy","Zaiko + InBound (English)",2026-01-17,not_delivering,ad,0,0,0,"7-day click, 1-day view, or 1-day engaged-view","Website purchases",1,0,0,2025-12-06,2026-01-19,0,0,,,0,1,,,0,0,,,0,,,1,2,1,0,2026-01-17,2026-01-17
"ABOS Sales 2.0","Enter the world of Johnny Depp [Post]","Web Retarg 2.0",2026-01-17,not_delivering,ad,0,0,0,"7-day click, 1-day view, or 1-day engaged-view",,,0,,2026-01-09,Ongoing,0,0,,,,,,,,,,,0,,,,,1,0,2026-01-17,2026-01-17
"ABOS Traffic 2.0","Black and white photo","Broad JP Cities",2026-01-17,active,ad,16450,16450,1,"7-day click or 1-day view","Landing page views",673,4795,7.12481426,2026-01-09,Ongoing,0,0,6.58653846,291.4893617,,,728,6.98979592,,,673,7.12481426,92.44505495,686,4.17021277,,,53,90.47169811,2026-01-17,2026-01-17
"ABOS Sales Campaign","JD Konnichiwa Video","Zaiko + InBound (English)",2026-01-17,not_delivering,ad,0,0,0,"7-day click, 1-day view, or 1-day engaged-view","Website purchases",1,0,0,2025-12-06,2026-01-19,0,0,,,0,1,,,0,0,,,0,,,3,3,8,0,2026-01-17,2026-01-17
"ABOS Traffic 2.0","JD Spray Painting Ground","Broad JP Cities",2026-01-17,active,ad,7,7,1,"7-day click or 1-day view",,,2,,2026-01-09,Ongoing,0,0,,285.71428571,,,,,,,,,0,,,,,,,2026-01-17,2026-01-17
"ABOS Traffic 2.0","JD Konnichiwa Video - Copy","JD Deep Interest",2026-01-17,active,ad,124,124,1,"7-day click or 1-day view","Landing page views",4,45,11.25,2026-01-09,Ongoing,0,0,7.5,362.90322581,,,6,7.5,,,4,11.25,66.66666667,6,4.83870968,,,,,2026-01-17,2026-01-17
"ABOS Sales Campaign","Poster [Redirect link]","Zaiko + InBound (English)",2026-01-17,not_delivering,ad,0,0,0,"7-day click, 1-day view, or 1-day engaged-view",,,0,,2025-12-06,2026-01-19,0,0,,,,,,,0,,,,0,,,1,,2,0,2026-01-17,2026-01-17
"ABOS Traffic 2.0","Black and white photo","JD Deep Interest",2026-01-17,active,ad,1,1,1,"7-day click or 1-day view",,,0,,2026-01-09,Ongoing,0,0,,0,,,,,,,,,0,,,,,,,2026-01-17,2026-01-17
"ABOS Sales Campaign","JD Painting Video - Copy","Zaiko + InBound (English)",2026-01-17,not_delivering,ad,0,0,0,"7-day click, 1-day view, or 1-day engaged-view",,,0,,2025-12-06,2026-01-19,0,0,,,,,,,,,,,0,,,,,1,0,2026-01-17,2026-01-17
"ABOS Traffic 2.0","Hello Tokyo - Copy","JD Deep Interest",2026-01-17,active,ad,1,1,1,"7-day click or 1-day view",,,0,,2026-01-09,Ongoing,0,0,,0,,,,,,,,,0,,,,,,,2026-01-17,2026-01-17
"ABOS Traffic 2.0","JD with Skeleton Confetti","Broad JP Cities",2026-01-17,active,ad,414,414,1,"7-day click or 1-day view","Landing page views",15,75,5,2026-01-09,Ongoing,0,0,5,181.15942029,,,15,5,,,15,5,100,15,3.62318841,,,5,15,2026-01-17,2026-01-17
"ABOS Traffic 2.0","JD Photography","Broad JP Cities",2026-01-17,active,ad,16,16,1,"7-day click or 1-day view","Landing page views",1,0,0,2026-01-09,Ongoing,0,0,0,0,,,1,0,,,1,0,100,1,6.25,,,,,2026-01-17,2026-01-17
"ABOS Sales 2.0","Black and white photo 2.0 [Redirect]","Web Retarg 2.0",2026-01-17,not_delivering,ad,0,0,0,"7-day click, 1-day view, or 1-day engaged-view",,,0,,2026-01-09,Ongoing,0,0,,,,,,,,,,,0,,,,,1,0,2026-01-17,2026-01-17
"ABOS Sales 2.0","Black and white photo 2.0 [Redirect]",Lookalikes+Engagers,2026-01-17,not_delivering,ad,0,0,0,"7-day click, 1-day view, or 1-day engaged-view",,,0,,2026-01-09,Ongoing,0,0,,,,,,,,,,,0,,,,,1,0,2026-01-17,2026-01-17
"ABOS Traffic 2.0","JD Desk - Red Curtain - Copy","Broad JP Cities",2026-01-17,active,ad,4,4,1,"7-day click or 1-day view",,,0,,2026-01-09,Ongoing,0,0,,0,,,,,,,,,0,,,,,,,2026-01-17,2026-01-17
"ABOS Sales Campaign","JD w/ Confetti","Zaiko + InBound (English)",2026-01-17,not_delivering,ad,0,0,0,"7-day click, 1-day view, or 1-day engaged-view",,,0,,2025-12-06,2026-01-19,0,0,,,,,,,,,,,0,,,,,1,0,2026-01-17,2026-01-17
"ABOS Traffic 2.0","JD Konnichiwa Video - Copy","Broad JP Cities",2026-01-17,active,ad,57565,58327,1.01323721,"7-day click or 1-day view","Landing page views",2825,19801,7.00920354,2026-01-09,Ongoing,0.03323363,0.03539823,6.58059156,339.48257239,19801,1,3009,6.60694027,19801,19801,2825,7.00920354,93.88501163,2997,5.20628854,1,1,305,64.92131148,2026-01-17,2026-01-17
"ABOS Sales Campaign","JD sitting desk","Zaiko + InBound (English)",2026-01-17,not_delivering,ad,0,0,0,"7-day click, 1-day view, or 1-day engaged-view",,,0,,2025-12-06,2026-01-19,0,0,,,,,,,,,,,0,,,,,1,0,2026-01-17,2026-01-17
"ABOS Sales Campaign","JD Pose with Graphic","Zaiko + InBound (English)",2026-01-16,not_delivering,ad,0,0,0,"7-day click, 1-day view, or 1-day engaged-view","Website purchases",1,0,0,2025-12-06,2026-01-19,0,0,,,0,1,,,0,0,,,0,,,1,1,1,0,2026-01-16,2026-01-16
"ABOS Sales Campaign",Poster,"Zaiko + InBound (English)",2026-01-16,not_delivering,ad,0,0,0,"7-day click, 1-day view, or 1-day engaged-view",,,0,,2025-12-06,2026-01-19,0,0,,,,,,,,,,,0,,,,,5,0,2026-01-16,2026-01-16
"ABOS Sales Campaign","Opening Weekend Video - Copy","Zaiko + InBound (English)",2026-01-16,not_delivering,ad,0,0,0,"7-day click, 1-day view, or 1-day engaged-view",,,0,,2025-12-06,2026-01-19,0,0,,,,,,,,,,,0,,,,,5,0,2026-01-16,2026-01-16
"ABOS Traffic 2.0","JD announcement date post","Broad JP Cities + JD Interest",2026-01-16,not_delivering,ad,21,22,1.04761905,"7-day click or 1-day view",,,1,,2026-01-09,Ongoing,0,0,1,45.45454545,,,1,1,,,,,0,1,4.76190476,,,,,2026-01-16,2026-01-16
"ABOS Traffic 2.0","JD with Skull Confetti - Copy","Broad JP Cities",2026-01-16,active,ad,11,11,1,"7-day click or 1-day view",,,1,,2026-01-09,Ongoing,0,0,,90.90909091,,,,,,,,,0,,,,,,,2026-01-16,2026-01-16
"ABOS Traffic 2.0","JD Spray Painting Ground","Broad JP Cities",2026-01-16,active,ad,2,2,1,"7-day click or 1-day view",,,0,,2026-01-09,Ongoing,0,0,,0,,,,,,,,,0,,,,,,,2026-01-16,2026-01-16
"ABOS Traffic 2.0","Hanging sketches - Copy","Broad JP Cities",2026-01-16,inactive,ad,8,8,1,"7-day click or 1-day view","Landing page views",1,0,0,2026-01-09,Ongoing,0,0,0,0,,,1,0,,,1,0,100,1,12.5,,,,,2026-01-16,2026-01-16
"ABOS Sales Campaign","JD Spray Painting Ground - Copy","Zaiko + InBound (English)",2026-01-16,not_delivering,ad,0,0,0,"7-day click, 1-day view, or 1-day engaged-view","Website purchases",1,0,0,2025-12-06,2026-01-19,0,0,,,0,1,,,0,0,,,0,,,4,5,2,0,2026-01-16,2026-01-16
"ABOS Traffic 2.0","Black and white photo","Broad JP Cities",2026-01-16,active,ad,3665,3665,1,"7-day click or 1-day view","Landing page views",171,1042,6.09356725,2026-01-09,Ongoing,0,0,5.2893401,284.31105048,,,197,5.51322751,,,171,6.09356725,86.80203046,189,5.1568895,,,9,115.77777778,2026-01-16,2026-01-16
"ABOS Sales Campaign","JD Konnichiwa Video","Zaiko + InBound (English)",2026-01-16,not_delivering,ad,0,0,0,"7-day click, 1-day view, or 1-day engaged-view",,,0,,2025-12-06,2026-01-19,0,0,,,,,,,0,0,,,0,,,1,1,,,2026-01-16,2026-01-16
"ABOS Sales Campaign","AR Experience [Post] - Copy","Zaiko + InBound (English)",2026-01-16,not_delivering,ad,0,0,0,"7-day click, 1-day view, or 1-day engaged-view",,,0,,2025-12-06,2026-01-19,0,0,,,,,,,0,,,,0,,,1,,2,0,2026-01-16,2026-01-16
"ABOS Traffic 2.0","Hello Tokyo - Copy","Broad JP Cities",2026-01-16,active,ad,10,10,1,"7-day click or 1-day view",,,0,,2026-01-09,Ongoing,0,0,,0,,,,,,,,,0,,,,,,,2026-01-16,2026-01-16
"ABOS Traffic 2.0","JD announcement date post","Broad JP Cities",2026-01-16,active,ad,11082,11490,1.03681646,"7-day click or 1-day view","Landing page views",416,2663,6.40144231,2026-01-09,Ongoing,0.22075055,0.24038462,5.8785872,231.7667537,2663,1,453,5.8785872,,2663,416,6.40144231,91.83222958,453,4.0877098,,1,32,83.21875,2026-01-16,2026-01-16
"ABOS Traffic 2.0","JD Painting with Graphic - Copy","JD Deep Interest",2026-01-16,active,ad,0,0,0,"7-day click or 1-day view",,,0,,2026-01-09,Ongoing,0,0,,,,,,,,,,,0,,,,,2,0,2026-01-16,2026-01-16
"ABOS Sales Campaign","Poster [Redirect link]","Zaiko + InBound (English)",2026-01-16,not_delivering,ad,0,0,0,"7-day click, 1-day view, or 1-day engaged-view","Website purchases",1,0,0,2025-12-06,2026-01-19,0,0,,,0,1,,,0,0,,,0,,,1,1,,,2026-01-16,2026-01-16
"ABOS Traffic 2.0","Black and white photo","JD Deep Interest",2026-01-16,active,ad,1,1,1,"7-day click or 1-day view",,,0,,2026-01-09,Ongoing,0,0,,0,,,,,,,,,0,,,,,,,2026-01-16,2026-01-16
"ABOS Traffic 2.0","JD with Skeleton Confetti","JD Deep Interest",2026-01-16,active,ad,2,2,1,"7-day click or 1-day view",,,0,,2026-01-09,Ongoing,0,0,,0,,,,,,,,,0,,,,,,,2026-01-16,2026-01-16
"ABOS Traffic 2.0","JD Konnichiwa Video - Copy","JD Deep Interest",2026-01-16,active,ad,25,25,1,"7-day click or 1-day view",,,3,,2026-01-09,Ongoing,0,0,,120,,,,,,,,,0,,,,,,,2026-01-16,2026-01-16
"ABOS Sales 2.0","Flexible 3 Groups 2.0","Web Retarg 2.0",2026-01-16,not_delivering,ad,0,0,0,"7-day click, 1-day view, or 1-day engaged-view",,,0,,2026-01-09,Ongoing,0,0,,,,,,,,,,,0,,,,,1,0,2026-01-16,2026-01-16
"ABOS Traffic 2.0","JD Photography","Broad JP Cities",2026-01-16,active,ad,1,1,1,"7-day click or 1-day view",,,0,,2026-01-09,Ongoing,0,0,,0,,,,,,,,,0,,,,,,,2026-01-16,2026-01-16
"ABOS Traffic 2.0","JD Konnichiwa Video - Copy","Broad JP Cities",2026-01-16,active,ad,28453,28453,1,"7-day click or 1-day view","Landing page views",1626,10643,6.54551046,2026-01-09,Ongoing,0.05827506,0.06150062,6.20221445,374.05545988,10643,1,1716,6.39603365,10643,10643,1626,6.54551046,94.75524476,1664,5.84824096,1,1,209,50.92344498,2026-01-16,2026-01-16
"ABOS Traffic 2.0","JD Photography - Copy 2","JD Deep Interest",2026-01-16,active,ad,1,1,1,"7-day click or 1-day view",,,0,,2026-01-09,Ongoing,0,0,,0,,,,,,,,,0,,,,,,,2026-01-16,2026-01-16
"ABOS Sales 2.0","T-Shirt Promo [Post]",Lookalikes+Engagers,2026-01-16,not_delivering,ad,0,0,0,"7-day click, 1-day view, or 1-day engaged-view","Website purchases",1,0,0,2026-01-09,Ongoing,0,0,,,0,1,,,0,0,,,0,,,1,1,1,0,2026-01-16,2026-01-16
"ABOS Traffic 2.0","JD Painting with Graphic - Copy","Broad JP Cities",2026-01-16,active,ad,5,5,1,"7-day click or 1-day view",,,0,,2026-01-09,Ongoing,0,0,,0,,,,,,,,,0,,,,,,,2026-01-16,2026-01-16
"ABOS Traffic 2.0","JD with Skeleton Confetti","Broad JP Cities",2026-01-16,active,ad,213,213,1,"7-day click or 1-day view","Landing page views",2,32,16,2026-01-09,Ongoing,0,0,8,150.23474178,,,4,8,,,2,16,50,4,1.87793427,,,,,2026-01-16,2026-01-16
"ABOS Traffic 2.0","JD Photograph with graphics - Copy","Broad JP Cities",2026-01-16,active,ad,54,54,1,"7-day click or 1-day view",,,4,,2026-01-09,Ongoing,0,0,,74.07407407,,,,,,,,,0,,,,,,,2026-01-16,2026-01-16
"ABOS Sales Campaign","JD Painting Video - Copy","Zaiko + InBound (English)",2026-01-16,not_delivering,ad,0,0,0,"7-day click, 1-day view, or 1-day engaged-view","Website purchases",2,0,0,2025-12-06,2026-01-19,0,0,,,0,2,,,,,,,0,,,,,3,0,2026-01-16,2026-01-16
"ABOS Traffic 2.0","JD Photograph with graphics - Copy","Broad JP Cities + JD Interest",2026-01-15,not_delivering,ad,1,1,1,"7-day click or 1-day view",,,0,,2026-01-09,Ongoing,0,0,,0,,,,,,,,,0,,,,,,,2026-01-15,2026-01-15
"ABOS Traffic 2.0","JD Spray Painting Ground","Broad JP Cities",2026-01-15,active,ad,12,13,1.08333333,"7-day click or 1-day view",,,5,,2026-01-09,Ongoing,0,0,,384.61538462,,,,,,,,,0,,,,,,,2026-01-15,2026-01-15
"ABOS Traffic - #2","JD with Skeleton Confetti","Broad JP Cities",2026-01-15,not_delivering,ad,0,0,0,"7-day click or 1-day view",,,0,,2025-12-26,2026-01-13,0,0,,,,,,,,,,,0,,,,,1,0,2026-01-15,2026-01-15
"ABOS Sales Campaign","JD Konnichiwa Video","Zaiko + InBound (English)",2026-01-15,not_delivering,ad,0,0,0,"7-day click, 1-day view, or 1-day engaged-view","Website purchases",1,0,0,2025-12-06,2026-01-19,0,0,,,0,1,,,0,0,,,0,,,2,2,1,0,2026-01-15,2026-01-15
"ABOS Traffic 2.0","Black and white photo","Broad JP Cities",2026-01-15,active,ad,1264,1271,1.00553797,"7-day click or 1-day view","Landing page views",58,337,5.81034483,2026-01-09,Ongoing,0,0,5.02985075,265.14555468,,,67,5.265625,,,58,5.81034483,86.56716418,64,5.06329114,,,5,67.4,2026-01-15,2026-01-15
"ABOS Sales Campaign","Opening Weekend Video - Copy","Zaiko + InBound (English)",2026-01-15,not_delivering,ad,0,0,0,"7-day click, 1-day view, or 1-day engaged-view",,,0,,2025-12-06,2026-01-19,0,0,,,,,,,,,,,0,,,,,7,0,2026-01-15,2026-01-15
"ABOS Sales Campaign",Poster,"Zaiko + InBound (English)",2026-01-15,not_delivering,ad,0,0,0,"7-day click, 1-day view, or 1-day engaged-view","Website purchases",1,0,0,2025-12-06,2026-01-19,0,100,,,0,1,,,0,0,1,0,0,,,2,1,5,0,2026-01-15,2026-01-15
"ABOS Traffic 2.0","JD announcement date post","Broad JP Cities",2026-01-15,active,ad,2866,2924,1.02023726,"7-day click or 1-day view","Landing page views",88,619,7.03409091,2026-01-09,Ongoing,0,0,5.67889908,211.69630643,,,109,5.95192308,,,88,7.03409091,80.73394495,104,3.62875087,,,5,123.8,2026-01-15,2026-01-15
"ABOS Sales Campaign","Poster [Redirect link]","Zaiko + InBound (English)",2026-01-15,not_delivering,ad,0,0,0,"7-day click, 1-day view, or 1-day engaged-view",,,0,,2025-12-06,2026-01-19,0,0,,,,,,,,,,,0,,,,,4,0,2026-01-15,2026-01-15
"ABOS Traffic 2.0","JD Painting with Graphic - Copy","JD Deep Interest",2026-01-15,active,ad,0,0,0,"7-day click or 1-day view",,,0,,2026-01-09,Ongoing,0,0,,,,,,,,,,,0,,,,,1,0,2026-01-15,2026-01-15
"ABOS Traffic 2.0","JD Konnichiwa Video - Copy","Broad JP Cities",2026-01-15,active,ad,17612,17749,1.00777879,"7-day click or 1-day view","Landing page views",887,6093,6.8692221,2026-01-09,Ongoing,0.10288066,0.11273957,6.26851852,343.28694574,6093,1,972,6.61563518,3046.5,6093,887,6.8692221,91.25514403,921,5.22938905,2,1,125,48.744,2026-01-15,2026-01-15
"ABOS Sales Campaign","JD Painting Video - Copy","Zaiko + InBound (English)",2026-01-15,not_delivering,ad,0,0,0,"7-day click, 1-day view, or 1-day engaged-view","Website purchases",2,0,0,2025-12-06,2026-01-19,0,0,,,0,2,,,0,0,,,0,,,3,6,3,0,2026-01-15,2026-01-15
"ABOS Sales 2.0","T-Shirt Promo [Post]","Web Retarg 2.0",2026-01-15,not_delivering,ad,0,0,0,"7-day click, 1-day view, or 1-day engaged-view",,,0,,2026-01-09,Ongoing,0,0,,,,,,,,,,,0,,,,,1,0,2026-01-15,2026-01-15
"ABOS Traffic 2.0","JD Painting with Graphic - Copy","Broad JP Cities",2026-01-15,active,ad,4,4,1,"7-day click or 1-day view",,,1,,2026-01-09,Ongoing,0,0,,250,,,,,,,,,0,,,,,,,2026-01-15,2026-01-15
"ABOS Sales Campaign","AR Experience [Post]","Retarg [engagers] - Jan 14",2026-01-15,not_delivering,ad,0,0,0,"7-day click, 1-day view, or 1-day engaged-view",,,0,,2025-12-06,2026-01-19,0,0,,,,,,,,,,,0,,,,,1,0,2026-01-15,2026-01-15
"ABOS Sales 2.0","T-Shirt Promo [Post]",Lookalikes+Engagers,2026-01-15,not_delivering,ad,0,0,0,"7-day click, 1-day view, or 1-day engaged-view","Website purchases",1,0,0,2026-01-09,Ongoing,0,0,,,0,1,,,,0,,,0,,,,1,2,0,2026-01-15,2026-01-15
"ABOS Sales Campaign",Poster,"Retarg [engagers] - Jan 14",2026-01-15,not_delivering,ad,0,0,0,"7-day click, 1-day view, or 1-day engaged-view",,,0,,2025-12-06,2026-01-19,0,0,,,,,,,,,,,0,,,,,1,0,2026-01-15,2026-01-15
"ABOS Sales 2.0","Flexible 3 Groups 2.0","Web Retarg 2.0",2026-01-15,not_delivering,ad,0,0,0,"7-day click, 1-day view, or 1-day engaged-view",,,0,,2026-01-09,Ongoing,0,0,,,,,,,,,,,0,,,,,3,0,2026-01-15,2026-01-15
"ABOS Sales Campaign","JD w/ Confetti","Zaiko + InBound (English)",2026-01-15,not_delivering,ad,0,0,0,"7-day click, 1-day view, or 1-day engaged-view",,,0,,2025-12-06,2026-01-19,0,0,,,,,,,,,,,0,,,,,2,0,2026-01-15,2026-01-15
"ABOS Sales Campaign","JD sitting desk","Zaiko + InBound (English)",2026-01-15,not_delivering,ad,0,0,0,"7-day click, 1-day view, or 1-day engaged-view",,,0,,2025-12-06,2026-01-19,0,0,,,,,,,,,,,0,,,,,2,0,2026-01-15,2026-01-15
"ABOS Sales Campaign","Opening Weekend Video - Copy","Zaiko + InBound (English)",2026-01-14,not_delivering,ad,1100,1322,1.20181818,"7-day click, 1-day view, or 1-day engaged-view",,,1057,,2025-12-06,2026-01-19,0,0,24.02272727,799.54614221,,,44,33.03125,,528.5,28,37.75,63.63636364,32,2.90909091,,2,8,132.125,2026-01-14,2026-01-14
"ABOS Sales Campaign","JD sitting desk","Retarg [engagers] - Jan 14",2026-01-14,not_delivering,ad,255,275,1.07843137,"7-day click, 1-day view, or 1-day engaged-view",,,253,,2025-12-06,2026-01-19,0,0,253,920,,,1,253,,,1,253,100,1,0.39215686,,,,,2026-01-14,2026-01-14
"ABOS Sales Campaign","JD Painting Video - Copy","Retarg [engagers] - Jan 14",2026-01-14,not_delivering,ad,45,46,1.02222222,"7-day click, 1-day view, or 1-day engaged-view",,,27,,2025-12-06,2026-01-19,0,0,27,586.95652174,,,1,27,,,1,27,100,1,2.22222222,,,1,27,2026-01-14,2026-01-14
"ABOS Sales Campaign","Poster [Redirect link]","Zaiko + InBound (English)",2026-01-14,not_delivering,ad,1034,1165,1.12669246,"7-day click, 1-day view, or 1-day engaged-view","Website purchases",2,801,400.5,2025-12-06,2026-01-19,18.18181818,22.22222222,72.81818182,687.55364807,400.5,2,11,80.1,400.5,801,9,89,81.81818182,10,0.96711799,2,1,7,114.42857143,2026-01-14,2026-01-14
"ABOS Sales Campaign",Poster,"Zaiko + InBound (English)",2026-01-14,not_delivering,ad,675,792,1.17333333,"7-day click, 1-day view, or 1-day engaged-view",,,555,,2025-12-06,2026-01-19,0,0,32.64705882,700.75757576,,,17,50.45454545,,,10,55.5,58.82352941,11,1.62962963,,,4,138.75,2026-01-14,2026-01-14
"ABOS Traffic 2.0","JD announcement date post","Broad JP Cities",2026-01-14,active,ad,302,304,1.00662252,"7-day click or 1-day view","Landing page views",9,55,6.11111111,2026-01-09,Ongoing,0,0,5.5,180.92105263,,,10,5.5,,,9,6.11111111,90,10,3.31125828,,,1,55,2026-01-14,2026-01-14
"ABOS Traffic - #2","JD Konnichiwa Video - Copy","Broad JP Cities",2026-01-14,not_delivering,ad,0,0,0,"7-day click or 1-day view",,,0,,2025-12-26,2026-01-13,0,0,,,,,,,,,,,0,,,,,1,0,2026-01-14,2026-01-14
"ABOS Traffic 2.0","JD with Skull Confetti - Copy","Broad JP Cities",2026-01-14,active,ad,2,2,1,"7-day click or 1-day view","Landing page views",1,0,0,2026-01-09,Ongoing,0,0,0,0,,,1,0,,,1,0,100,1,50,,,,,2026-01-14,2026-01-14
"ABOS Traffic 2.0","JD announcement date post","Broad JP Cities + JD Interest",2026-01-14,not_delivering,ad,4,4,1,"7-day click or 1-day view",,,2,,2026-01-09,Ongoing,0,0,,500,,,,,,,,,0,,,,,,,2026-01-14,2026-01-14
"ABOS Traffic 2.0","Black and white photo","Broad JP Cities + JD Interest",2026-01-14,not_delivering,ad,1,1,1,"7-day click or 1-day view",,,0,,2026-01-09,Ongoing,0,0,,0,,,,,,,,,0,,,,,,,2026-01-14,2026-01-14
"ABOS Sales Campaign","Immersive Journey [Post] - Copy","Zaiko + InBound (English)",2026-01-14,not_delivering,ad,20,20,1,"7-day click, 1-day view, or 1-day engaged-view",,,8,,2025-12-06,2026-01-19,0,0,,400,,,,,,,,,0,,,,,,,2026-01-14,2026-01-14
"ABOS Sales Campaign","JD Pose with Graphic","Zaiko + InBound (English)",2026-01-14,not_delivering,ad,996,1086,1.09036145,"7-day click, 1-day view, or 1-day engaged-view","Website purchases",1,836,836,2025-12-06,2026-01-19,16.66666667,16.66666667,139.33333333,769.79742173,836,1,6,139.33333333,418,278.66666667,6,139.33333333,100,6,0.60240964,2,3,13,64.30769231,2026-01-14,2026-01-14
"ABOS Sales Campaign","Poster [Redirect link]","Retarg [engagers] - Jan 14",2026-01-14,not_delivering,ad,99,109,1.1010101,"7-day click, 1-day view, or 1-day engaged-view",,,64,,2025-12-06,2026-01-19,0,0,,587.1559633,,,,,,,,,0,,,,,,,2026-01-14,2026-01-14
"ABOS Traffic 2.0","Hanging sketches - Copy","Broad JP Cities",2026-01-14,inactive,ad,3,3,1,"7-day click or 1-day view",,,0,,2026-01-09,Ongoing,0,0,,0,,,,,,,,,0,,,,,,,2026-01-14,2026-01-14
"ABOS Sales Campaign","Viewing Bunnyman - Red [Post] - Copy","Zaiko + InBound (English)",2026-01-14,not_delivering,ad,42,43,1.02380952,"7-day click, 1-day view, or 1-day engaged-view",,,42,,2025-12-06,2026-01-19,0,0,,976.74418605,,,,,,,,,0,,,,,,,2026-01-14,2026-01-14
"ABOS Sales Campaign","JD Spray Painting Ground - Copy","Zaiko + InBound (English)",2026-01-14,not_delivering,ad,41,41,1,"7-day click, 1-day view, or 1-day engaged-view",,,50,,2025-12-06,2026-01-19,0,0,,1219.51219512,,,,,,,,,0,,,,,,,2026-01-14,2026-01-14
"ABOS Traffic 2.0","Black and white photo","Broad JP Cities",2026-01-14,active,ad,150,150,1,"7-day click or 1-day view","Landing page views",7,29,4.14285714,2026-01-09,Ongoing,0,0,3.625,193.33333333,,,8,4.14285714,,,7,4.14285714,87.5,7,4.66666667,,,2,14.5,2026-01-14,2026-01-14
"ABOS Sales Campaign","JD Konnichiwa Video","Zaiko + InBound (English)",2026-01-14,not_delivering,ad,486,549,1.12962963,"7-day click, 1-day view, or 1-day engaged-view",,,541,,2025-12-06,2026-01-19,0,0,45.08333333,985.428051,,,12,60.11111111,,,9,60.11111111,75,9,1.85185185,,,3,180.33333333,2026-01-14,2026-01-14
"ABOS Sales Campaign","AR Experience [Post] - Copy","Zaiko + InBound (English)",2026-01-14,not_delivering,ad,298,321,1.07718121,"7-day click, 1-day view, or 1-day engaged-view",,,282,,2025-12-06,2026-01-19,0,0,35.25,878.5046729,,,8,40.28571429,,,5,56.4,62.5,7,2.34899329,,,2,141,2026-01-14,2026-01-14
"ABOS Sales Campaign","Poster [Redirect link] + related Media","Zaiko + InBound (English)",2026-01-14,not_delivering,ad,152,169,1.11184211,"7-day click, 1-day view, or 1-day engaged-view",,,152,,2025-12-06,2026-01-19,0,0,,899.40828402,,,,,,152,,,0,,,,1,5,30.4,2026-01-14,2026-01-14
"ABOS Sales Campaign","Coming of Age [Post]","Retarg [engagers] - Jan 14",2026-01-14,not_delivering,ad,12,13,1.08333333,"7-day click, 1-day view, or 1-day engaged-view",,,8,,2025-12-06,2026-01-19,0,0,,615.38461538,,,,,,,,,0,,,,,,,2026-01-14,2026-01-14
"ABOS Traffic 2.0","JD Painting with Graphic - Copy","JD Deep Interest",2026-01-14,active,ad,0,0,0,"7-day click or 1-day view",,,0,,2026-01-09,Ongoing,0,0,,,,,,,,,,,0,,,,,3,0,2026-01-14,2026-01-14
"ABOS Traffic 2.0","JD announcement date post","JD Deep Interest",2026-01-14,active,ad,1,1,1,"7-day click or 1-day view",,,0,,2026-01-09,Ongoing,0,0,,0,,,,,,,,,0,,,,,,,2026-01-14,2026-01-14
"ABOS Sales Campaign","JD Painting Video - Copy","Zaiko + InBound (English)",2026-01-14,not_delivering,ad,360,499,1.38611111,"7-day click, 1-day view, or 1-day engaged-view",,,522,,2025-12-06,2026-01-19,0,0,37.28571429,1046.09218437,,,14,43.5,,,7,74.57142857,50,12,3.33333333,,,3,174,2026-01-14,2026-01-14
"ABOS Sales Campaign",Poster,"Retarg [engagers] - Jan 14",2026-01-14,not_delivering,ad,346,357,1.03179191,"7-day click, 1-day view, or 1-day engaged-view","Website purchases",1,252,252,2025-12-06,2026-01-19,7.69230769,8.33333333,19.38461538,705.88235294,252,1,13,22.90909091,252,252,12,21,92.30769231,11,3.17919075,1,1,7,36,2026-01-14,2026-01-14
"ABOS Sales Campaign","Viewing Bunnyman - Red [Post]","Retarg [engagers] - Jan 14",2026-01-14,not_delivering,ad,38,39,1.02631579,"7-day click, 1-day view, or 1-day engaged-view",,,21,,2025-12-06,2026-01-19,0,0,,538.46153846,,,,,,,,,0,,,,,,,2026-01-14,2026-01-14
"ABOS Traffic 2.0","JD Konnichiwa Video - Copy","Broad JP Cities",2026-01-14,active,ad,6434,6520,1.01336649,"7-day click or 1-day view","Landing page views",353,1794,5.08215297,2026-01-09,Ongoing,0,0,4.6,275.15337423,,,390,4.875,,,353,5.08215297,90.51282051,368,5.71961455,,,44,40.77272727,2026-01-14,2026-01-14
"ABOS Sales 2.0","Enter the world of Johnny Depp [Post]",Lookalikes+Engagers,2026-01-14,not_delivering,ad,0,0,0,"7-day click, 1-day view, or 1-day engaged-view",,,0,,2026-01-09,Ongoing,0,0,,,,,,,,,,,0,,,,,1,0,2026-01-14,2026-01-14
"ABOS Sales Campaign","JD w/ Confetti","Zaiko + InBound (English)",2026-01-14,not_delivering,ad,436,467,1.07110092,"7-day click, 1-day view, or 1-day engaged-view",,,425,,2025-12-06,2026-01-19,0,0,141.66666667,910.06423983,,,3,141.66666667,425,425,3,141.66666667,100,3,0.68807339,1,1,2,212.5,2026-01-14,2026-01-14
"ABOS Sales 2.0","Flexible 3 Groups 2.0",Lookalikes+Engagers,2026-01-14,not_delivering,ad,0,0,0,"7-day click, 1-day view, or 1-day engaged-view",,,0,,2026-01-09,Ongoing,0,0,,,,,,,,,,,0,,,,,1,0,2026-01-14,2026-01-14
"ABOS Sales Campaign","JD Pose with Graphic","Retarg [engagers] - Jan 14",2026-01-14,not_delivering,ad,2,2,1,"7-day click, 1-day view, or 1-day engaged-view",,,3,,2025-12-06,2026-01-19,0,0,,1500,,,,,,,,,0,,,,,,,2026-01-14,2026-01-14
"ABOS Sales Campaign","JD Graffiti Paint - Copy","Zaiko + InBound (English)",2026-01-14,not_delivering,ad,218,241,1.10550459,"7-day click, 1-day view, or 1-day engaged-view","Website purchases",1,241,241,2025-12-06,2026-01-19,50,100,120.5,1000,241,1,2,120.5,241,241,1,241,50,2,0.91743119,1,1,,,2026-01-14,2026-01-14
"ABOS Sales 2.0","Flexible 3 Groups 2.0","Web Retarg 2.0",2026-01-14,not_delivering,ad,0,0,0,"7-day click, 1-day view, or 1-day engaged-view",,,0,,2026-01-09,Ongoing,0,0,,,,,,,,,,,0,,,,,1,0,2026-01-14,2026-01-14
"ABOS Traffic 2.0","JD Photography","Broad JP Cities",2026-01-14,active,ad,2,2,1,"7-day click or 1-day view",,,0,,2026-01-09,Ongoing,0,0,,0,,,,,,,,,0,,,,,,,2026-01-14,2026-01-14
"ABOS Traffic 2.0","JD Desk - Red Curtain - Copy","Broad JP Cities",2026-01-14,active,ad,2,2,1,"7-day click or 1-day view",,,0,,2026-01-09,Ongoing,0,0,,0,,,,,,,,,0,,,,,,,2026-01-14,2026-01-14
"ABOS Traffic 2.0","Black and white photo","JD Deep Interest",2026-01-14,active,ad,14,14,1,"7-day click or 1-day view",,,0,,2026-01-09,Ongoing,0,0,0,0,,,1,0,,,,,0,1,7.14285714,,,,,2026-01-14,2026-01-14
"ABOS Sales Campaign","Immersive Journey [Post]","Retarg [engagers] - Jan 14",2026-01-14,not_delivering,ad,39,39,1,"7-day click, 1-day view, or 1-day engaged-view",,,22,,2025-12-06,2026-01-19,0,0,22,564.1025641,,,1,22,,,1,22,100,1,2.56410256,,,,,2026-01-14,2026-01-14
"ABOS Sales Campaign","JD sitting desk","Zaiko + InBound (English)",2026-01-14,not_delivering,ad,353,428,1.21246459,"7-day click, 1-day view, or 1-day engaged-view",,,339,,2025-12-06,2026-01-19,0,0,113,792.05607477,,,3,113,,,2,169.5,66.66666667,3,0.84985836,,,3,113,2026-01-14,2026-01-14
"ABOS Sales Campaign","Coming of Age [Post] - Copy","Zaiko + InBound (English)",2026-01-14,not_delivering,ad,13,13,1,"7-day click, 1-day view, or 1-day engaged-view",,,23,,2025-12-06,2026-01-19,0,0,,1769.23076923,,,,,,,,,0,,,,,,,2026-01-14,2026-01-14
"ABOS Traffic 2.0","JD Photograph with graphics - Copy","Broad JP Cities",2026-01-14,active,ad,19,19,1,"7-day click or 1-day view",,,0,,2026-01-09,Ongoing,0,0,,0,,,,,,,,,0,,,,,,,2026-01-14,2026-01-14
"ABOS Sales 2.0","T-Shirt Promo [Post]","Web Retarg 2.0",2026-01-14,not_delivering,ad,0,0,0,"7-day click, 1-day view, or 1-day engaged-view",,,0,,2026-01-09,Ongoing,0,0,,,,,,,,,,,0,,,,,2,0,2026-01-14,2026-01-14
"ABOS Traffic 2.0","JD Konnichiwa Video - Copy","Broad JP Cities + JD Interest",2026-01-14,not_delivering,ad,1,1,1,"7-day click or 1-day view",,,0,,2026-01-09,Ongoing,0,0,,0,,,,,,,,,0,,,,,,,2026-01-14,2026-01-14
"ABOS Traffic 2.0","JD with Skeleton Confetti","Broad JP Cities",2026-01-14,active,ad,30,30,1,"7-day click or 1-day view","Landing page views",1,5,5,2026-01-09,Ongoing,0,0,2.5,166.66666667,,,2,2.5,,,1,5,50,2,6.66666667,,,,,2026-01-14,2026-01-14
"ABOS Sales Campaign","AR Experience [Post]","Retarg [engagers] - Jan 14",2026-01-14,not_delivering,ad,219,238,1.08675799,"7-day click, 1-day view, or 1-day engaged-view",,,221,,2025-12-06,2026-01-19,0,0,55.25,928.57142857,,,4,55.25,,,3,73.66666667,75,4,1.82648402,,,2,110.5,2026-01-14,2026-01-14
"ABOS Sales 2.0","T-Shirt Promo [Post]",Lookalikes+Engagers,2026-01-14,not_delivering,ad,0,0,0,"7-day click, 1-day view, or 1-day engaged-view",,,0,,2026-01-09,Ongoing,0,0,,,,,,,,,,,0,,,,,2,0,2026-01-14,2026-01-14
"ABOS Sales Campaign","JD Spray Painting Ground - Copy","Retarg [engagers] - Jan 14",2026-01-14,not_delivering,ad,21,22,1.04761905,"7-day click, 1-day view, or 1-day engaged-view",,,9,,2025-12-06,2026-01-19,0,0,,409.09090909,,,,,,,,,0,,,,,,,2026-01-14,2026-01-14
"ABOS Traffic 2.0","JD announcement date post","JD Deep Interest",2026-01-13,active,ad,44,44,1,"7-day click or 1-day view","Landing page views",2,10,5,2026-01-09,Ongoing,0,0,5,227.27272727,,,2,5,,,2,5,100,2,4.54545455,,,,,2026-01-13,2026-01-13
"ABOS Sales 2.0","Enter the world of Johnny Depp [Post]","Web Retarg 2.0",2026-01-13,not_delivering,ad,229,245,1.069869,"7-day click, 1-day view, or 1-day engaged-view",,,145,,2026-01-09,Ongoing,0,0,36.25,591.83673469,,,4,36.25,,,4,36.25,100,4,1.74672489,,,2,72.5,2026-01-13,2026-01-13
"ABOS Sales 2.0","Poster [Redirect link] + related Media - Copy","Web Retarg 2.0",2026-01-13,not_delivering,ad,4,4,1,"7-day click, 1-day view, or 1-day engaged-view",,,3,,2026-01-09,Ongoing,0,0,,750,,,,,,,,,0,,,,,,,2026-01-13,2026-01-13
"ABOS Traffic 2.0","JD announcement date post","Broad JP Cities + JD Interest",2026-01-13,not_delivering,ad,3,3,1,"7-day click or 1-day view",,,0,,2026-01-09,Ongoing,0,0,,0,,,,,,,,,0,,,,,,,2026-01-13,2026-01-13
"ABOS Sales Campaign","JD Pose with Graphic","Zaiko + InBound (English)",2026-01-13,not_delivering,ad,2115,2568,1.2141844,"7-day click, 1-day view, or 1-day engaged-view","Website purchases",1,2007,2007,2025-12-06,2026-01-19,3.125,3.84615385,62.71875,781.54205607,2007,1,32,66.9,2007,2007,26,77.19230769,81.25,30,1.41843972,1,1,14,143.35714286,2026-01-13,2026-01-13
"ABOS Traffic 2.0","Black and white photo","Broad JP Cities + JD Interest",2026-01-13,not_delivering,ad,4,4,1,"7-day click or 1-day view",,,0,,2026-01-09,Ongoing,0,0,,0,,,,,,,,,0,,,,,,,2026-01-13,2026-01-13
"ABOS Traffic 2.0","JD Spray Painting Ground","Broad JP Cities",2026-01-13,active,ad,15,15,1,"7-day click or 1-day view","Landing page views",1,1,1,2026-01-09,Ongoing,0,0,1,66.66666667,,,1,1,,,1,1,100,1,6.66666667,,,,,2026-01-13,2026-01-13
"ABOS Sales Campaign","JD Spray Painting Ground - Copy","Zaiko + InBound (English)",2026-01-13,not_delivering,ad,137,148,1.08029197,"7-day click, 1-day view, or 1-day engaged-view",,,143,,2025-12-06,2026-01-19,0,0,71.5,966.21621622,,,2,71.5,,,2,71.5,100,2,1.45985401,,,,,2026-01-13,2026-01-13
"ABOS Traffic 2.0","Black and white photo","Broad JP Cities",2026-01-13,active,ad,316,326,1.03164557,"7-day click or 1-day view","Landing page views",9,62,6.88888889,2026-01-09,Ongoing,0,0,6.2,190.18404908,,,10,6.2,,,9,6.88888889,90,10,3.16455696,,,1,62,2026-01-13,2026-01-13
"ABOS Sales Campaign","JD Konnichiwa Video","Zaiko + InBound (English)",2026-01-13,not_delivering,ad,1474,1679,1.13907734,"7-day click, 1-day view, or 1-day engaged-view",,,1351,,2025-12-06,2026-01-19,0,0,32.16666667,804.64562239,,,42,35.55263158,,,24,56.29166667,57.14285714,38,2.578019,,,6,225.16666667,2026-01-13,2026-01-13
"ABOS Traffic - #2","JD with Skeleton Confetti","Broad JP Cities",2026-01-13,not_delivering,ad,0,0,0,"7-day click or 1-day view",,,0,,2025-12-26,2026-01-13,0,0,,,0,1,,,0,0,,,0,,,2,1,2,0,2026-01-13,2026-01-13
"ABOS Sales Campaign","Poster [Redirect link] + related Media","Zaiko + InBound (English)",2026-01-13,not_delivering,ad,259,292,1.12741313,"7-day click, 1-day view, or 1-day engaged-view",,,296,,2025-12-06,2026-01-19,0,0,296,1013.69863014,,,1,296,,,,,0,1,0.38610039,,,2,148,2026-01-13,2026-01-13
"ABOS Sales Campaign",Poster,"Zaiko + InBound (English)",2026-01-13,not_delivering,ad,1408,1662,1.18039773,"7-day click, 1-day view, or 1-day engaged-view",,,1415,,2025-12-06,2026-01-19,0,0,31.44444444,851.38387485,,,45,40.42857143,,,36,39.30555556,80,35,2.48579545,,,8,176.875,2026-01-13,2026-01-13
"ABOS Sales Campaign","Opening Weekend Video - Copy","Zaiko + InBound (English)",2026-01-13,not_delivering,ad,3273,4110,1.25572869,"7-day click, 1-day view, or 1-day engaged-view","Website purchases",1,3613,3613,2025-12-06,2026-01-19,0.89285714,1.36986301,32.25892857,879.07542579,3613,1,112,39.7032967,516.14285714,1204.33333333,73,49.49315068,65.17857143,91,2.78032386,7,3,20,180.65,2026-01-13,2026-01-13
"ABOS Sales Campaign","JD Graffiti Paint - Copy","Zaiko + InBound (English)",2026-01-13,not_delivering,ad,268,296,1.10447761,"7-day click, 1-day view, or 1-day engaged-view",,,281,,2025-12-06,2026-01-19,0,0,40.14285714,949.32432432,,,7,40.14285714,,,5,56.2,71.42857143,7,2.6119403,,,,,2026-01-13,2026-01-13
"ABOS Traffic 2.0","JD announcement date post","Broad JP Cities",2026-01-13,active,ad,980,980,1,"7-day click or 1-day view","Landing page views",36,165,4.58333333,2026-01-09,Ongoing,0,0,4.34210526,168.36734694,,,38,4.58333333,,,36,4.58333333,94.73684211,36,3.67346939,,,5,33,2026-01-13,2026-01-13
"ABOS Sales Campaign","Poster [Redirect link]","Zaiko + InBound (English)",2026-01-13,not_delivering,ad,2082,2372,1.13928915,"7-day click, 1-day view, or 1-day engaged-view","Website purchases",2,1747,873.5,2025-12-06,2026-01-19,4.08163265,6.89655172,35.65306122,736.50927487,873.5,2,49,41.5952381,436.75,873.5,29,60.24137931,59.18367347,42,2.01729107,4,2,7,249.57142857,2026-01-13,2026-01-13
"ABOS Traffic 2.0","JD Painting with Graphic - Copy","JD Deep Interest",2026-01-13,active,ad,0,0,0,"7-day click or 1-day view",,,0,,2026-01-09,Ongoing,0,0,,,,,,,,,,,0,,,,,3,0,2026-01-13,2026-01-13
"ABOS Sales Campaign","JD Painting Video - Copy","Zaiko + InBound (English)",2026-01-13,not_delivering,ad,707,1052,1.48797737,"7-day click, 1-day view, or 1-day engaged-view",,,1162,,2025-12-06,2026-01-19,0,0,27.02325581,1104.56273764,,,43,34.17647059,,,21,55.33333333,48.8372093,34,4.80905233,,,1,1162,2026-01-13,2026-01-13
"ABOS Sales Campaign","JD sitting desk","Zaiko + InBound (English)",2026-01-13,not_delivering,ad,419,541,1.29116945,"7-day click, 1-day view, or 1-day engaged-view",,,701,,2025-12-06,2026-01-19,0,0,70.1,1295.74861368,,,10,100.14285714,,,6,116.83333333,60,7,1.67064439,,,2,350.5,2026-01-13,2026-01-13
"ABOS Traffic 2.0","JD Photograph with graphics - Copy","Broad JP Cities",2026-01-13,active,ad,1,1,1,"7-day click or 1-day view",,,0,,2026-01-09,Ongoing,0,0,,0,,,,,,,,,0,,,,,,,2026-01-13,2026-01-13
"ABOS Sales 2.0","T-Shirt Promo [Post]","Web Retarg 2.0",2026-01-13,not_delivering,ad,285,328,1.15087719,"7-day click, 1-day view, or 1-day engaged-view",,,308,,2026-01-09,Ongoing,0,0,25.66666667,939.02439024,,,12,30.8,154,,9,34.22222222,75,10,3.50877193,2,,8,38.5,2026-01-13,2026-01-13
"ABOS Sales 2.0","JD painting with graphics 2.0 [redirect]",Lookalikes+Engagers,2026-01-13,not_delivering,ad,0,0,0,"7-day click, 1-day view, or 1-day engaged-view",,,0,,2026-01-09,Ongoing,0,0,,,,,,,,,,,0,,,,,1,0,2026-01-13,2026-01-13
"ABOS Sales 2.0","Black and white photo 2.0 [Redirect]","Web Retarg 2.0",2026-01-13,not_delivering,ad,503,519,1.03180915,"7-day click, 1-day view, or 1-day engaged-view",,,303,,2026-01-09,Ongoing,0,0,27.54545455,583.8150289,,,11,27.54545455,,,12,25.25,109.09090909,11,2.18687873,,,1,303,2026-01-13,2026-01-13
"ABOS Sales 2.0","Flexible 3 Groups 2.0","Web Retarg 2.0",2026-01-13,not_delivering,ad,840,910,1.08333333,"7-day click, 1-day view, or 1-day engaged-view","Website purchases",2,638,319,2026-01-09,Ongoing,13.33333333,15.38461538,42.53333333,701.0989011,319,2,15,45.57142857,638,638,13,49.07692308,86.66666667,14,1.66666667,1,1,8,79.75,2026-01-13,2026-01-13
"ABOS Sales 2.0","Coming of Age [Post]","Web Retarg 2.0",2026-01-13,not_delivering,ad,181,191,1.05524862,"7-day click, 1-day view, or 1-day engaged-view",,,168,,2026-01-09,Ongoing,0,0,,879.58115183,,,,,,,,,0,,,,,,,2026-01-13,2026-01-13
"ABOS Sales Campaign","JD w/ Confetti","Zaiko + InBound (English)",2026-01-13,not_delivering,ad,607,688,1.13344316,"7-day click, 1-day view, or 1-day engaged-view",,,638,,2025-12-06,2026-01-19,0,0,39.875,927.3255814,,,16,45.57142857,212.66666667,638,12,53.16666667,75,14,2.30642504,3,1,6,106.33333333,2026-01-13,2026-01-13
"ABOS Traffic 2.0","JD Konnichiwa Video - Copy","Broad JP Cities",2026-01-13,active,ad,6067,6150,1.01368057,"7-day click or 1-day view","Landing page views",293,1746,5.95904437,2026-01-09,Ongoing,0,0,5.43925234,283.90243902,,,321,5.80066445,,,293,5.95904437,91.27725857,301,4.96126586,,,35,49.88571429,2026-01-13,2026-01-13
"ABOS Sales Campaign","JD w/ Confetti","Zaiko + InBound (English)",2026-01-12,not_delivering,ad,1212,1494,1.23267327,"7-day click, 1-day view, or 1-day engaged-view",,,1110,,2025-12-06,2026-01-19,0,0,100.90909091,742.97188755,,,11,100.90909091,1110,,10,111,90.90909091,11,0.90759076,1,,1,1110,2026-01-12,2026-01-12
"ABOS Traffic 2.0","JD Konnichiwa Video - Copy","Broad JP Cities",2026-01-12,active,ad,5714,5905,1.03342667,"7-day click or 1-day view","Landing page views",324,1640,5.0617284,2026-01-09,Ongoing,0,0,4.72622478,277.73073666,,,347,5.07739938,,,324,5.0617284,93.37175793,323,5.65278264,,,37,44.32432432,2026-01-12,2026-01-12
"ABOS Sales 2.0","Flexible 3 Groups 2.0",Lookalikes+Engagers,2026-01-12,not_delivering,ad,0,0,0,"7-day click, 1-day view, or 1-day engaged-view",,,0,,2026-01-09,Ongoing,0,0,,,,,,,,,,,0,,,,,1,0,2026-01-12,2026-01-12
"ABOS Sales Campaign","JD Spray Painting Ground - Copy","Zaiko + InBound (English)",2026-01-12,not_delivering,ad,5,6,1.2,"7-day click, 1-day view, or 1-day engaged-view",,,6,,2025-12-06,2026-01-19,0,0,,1000,,,,,,,,,0,,,,,,,2026-01-12,2026-01-12
"ABOS Traffic 2.0","JD announcement date post","Broad JP Cities",2026-01-12,active,ad,1138,1173,1.03075571,"7-day click or 1-day view","Landing page views",38,197,5.18421053,2026-01-09,Ongoing,0,0,4.2826087,167.94543905,,,46,4.2826087,,,38,5.18421053,82.60869565,46,4.04217926,,,1,197,2026-01-12,2026-01-12
"ABOS Sales Campaign","JD Graffiti Paint - Copy","Zaiko + InBound (English)",2026-01-12,not_delivering,ad,69,74,1.07246377,"7-day click, 1-day view, or 1-day engaged-view",,,71,,2025-12-06,2026-01-19,0,0,,959.45945946,,,,,,,,,0,,,,,,,2026-01-12,2026-01-12
"ABOS Sales 2.0","JD Spray Painting Ground 2.0","Web Retarg 2.0",2026-01-12,not_delivering,ad,17,18,1.05882353,"7-day click, 1-day view, or 1-day engaged-view",,,15,,2026-01-09,Ongoing,0,0,15,833.33333333,,,1,15,,,,,0,1,5.88235294,,,,,2026-01-12,2026-01-12
"ABOS Sales Campaign","Poster [Redirect link] + related Media","Zaiko + InBound (English)",2026-01-12,not_delivering,ad,270,312,1.15555556,"7-day click, 1-day view, or 1-day engaged-view",,,247,,2025-12-06,2026-01-19,0,0,82.33333333,791.66666667,,,3,82.33333333,,,4,61.75,133.33333333,3,1.11111111,,,3,82.33333333,2026-01-12,2026-01-12
"ABOS Traffic - #2","JD with Skeleton Confetti","Broad JP Cities",2026-01-12,not_delivering,ad,0,0,0,"7-day click or 1-day view",,,0,,2025-12-26,2026-01-13,0,0,,,,,,,,,,,0,,,,,1,0,2026-01-12,2026-01-12
"ABOS Sales Campaign","JD Konnichiwa Video","Zaiko + InBound (English)",2026-01-12,not_delivering,ad,932,1071,1.14914163,"7-day click, 1-day view, or 1-day engaged-view",,,901,,2025-12-06,2026-01-19,0,0,31.06896552,841.26984127,,,29,34.65384615,,,19,47.42105263,65.51724138,26,2.78969957,,,4,225.25,2026-01-12,2026-01-12
"ABOS Traffic 2.0","Black and white photo","Broad JP Cities",2026-01-12,active,ad,530,531,1.00188679,"7-day click or 1-day view","Landing page views",24,92,3.83333333,2026-01-09,Ongoing,0,0,4,173.25800377,,,23,4,,,24,3.83333333,104.34782609,23,4.33962264,,,3,30.66666667,2026-01-12,2026-01-12
"ABOS Sales 2.0","Enter the world of Johnny Depp [Post]","Web Retarg 2.0",2026-01-12,not_delivering,ad,630,678,1.07619048,"7-day click, 1-day view, or 1-day engaged-view",,,450,,2026-01-09,Ongoing,0,0,56.25,663.71681416,,,8,64.28571429,,,7,64.28571429,87.5,7,1.11111111,,,1,450,2026-01-12,2026-01-12
"ABOS Traffic 2.0","Black and white photo","Broad JP Cities + JD Interest",2026-01-12,not_delivering,ad,21,21,1,"7-day click or 1-day view","Landing page views",1,2,2,2026-01-09,Ongoing,0,0,1,95.23809524,,,2,1,,,1,2,50,2,9.52380952,,,,,2026-01-12,2026-01-12
"ABOS Sales Campaign","JD Pose with Graphic","Zaiko + InBound (English)",2026-01-12,not_delivering,ad,2477,3036,1.22567622,"7-day click, 1-day view, or 1-day engaged-view",,,2134,,2025-12-06,2026-01-19,0,0,44.45833333,702.89855072,,,48,49.62790698,2134,,40,53.35,83.33333333,43,1.73597093,1,,15,142.26666667,2026-01-12,2026-01-12
"ABOS Traffic 2.0","JD announcement date post","Broad JP Cities + JD Interest",2026-01-12,not_delivering,ad,18,18,1,"7-day click or 1-day view","Landing page views",2,4,2,2026-01-09,Ongoing,0,0,2,222.22222222,,,2,2,,,2,2,100,2,11.11111111,,,,,2026-01-12,2026-01-12
"ABOS Sales 2.0","Poster [Redirect link] + related Media - Copy","Web Retarg 2.0",2026-01-12,not_delivering,ad,142,145,1.02112676,"7-day click, 1-day view, or 1-day engaged-view",,,62,,2026-01-09,Ongoing,0,0,62,427.5862069,,,1,62,,,,,0,1,0.70422535,,,,,2026-01-12,2026-01-12
"ABOS Sales Campaign","Opening Weekend Video - Copy","Zaiko + InBound (English)",2026-01-12,not_delivering,ad,3646,4958,1.35984641,"7-day click, 1-day view, or 1-day engaged-view","Website purchases",4,3741,935.25,2025-12-06,2026-01-19,3.66972477,5.33333333,34.32110092,754.53812021,935.25,4,109,39.79787234,935.25,1870.5,75,49.88,68.80733945,94,2.57816786,4,2,24,155.875,2026-01-12,2026-01-12
"ABOS Sales Campaign",Poster,"Zaiko + InBound (English)",2026-01-12,not_delivering,ad,1806,2058,1.13953488,"7-day click, 1-day view, or 1-day engaged-view",,,1366,,2025-12-06,2026-01-19,0,0,33.31707317,663.75121477,,,41,39.02857143,1366,,30,45.53333333,73.17073171,35,1.9379845,1,,8,170.75,2026-01-12,2026-01-12
"ABOS Traffic 2.0","JD announcement date post","JD Deep Interest",2026-01-12,active,ad,172,172,1,"7-day click or 1-day view","Landing page views",14,38,2.71428571,2026-01-09,Ongoing,0,0,3.16666667,220.93023256,,,12,3.16666667,,,14,2.71428571,116.66666667,12,6.97674419,,,1,38,2026-01-12,2026-01-12
"ABOS Traffic - #2","JD Konnichiwa Video - Copy","Broad JP Cities",2026-01-12,not_delivering,ad,0,0,0,"7-day click or 1-day view",,,0,,2025-12-26,2026-01-13,0,0,,,,,,,,,,,0,,,,,2,0,2026-01-12,2026-01-12
"ABOS Traffic 2.0","Black and white photo","JD Deep Interest",2026-01-12,active,ad,35,35,1,"7-day click or 1-day view","Landing page views",3,13,4.33333333,2026-01-09,Ongoing,0,0,4.33333333,371.42857143,,,3,6.5,,,3,4.33333333,100,2,5.71428571,,,1,13,2026-01-12,2026-01-12
"ABOS Sales 2.0","Black and white photo 2.0 [Redirect]",Lookalikes+Engagers,2026-01-12,not_delivering,ad,0,0,0,"7-day click, 1-day view, or 1-day engaged-view",,,0,,2026-01-09,Ongoing,0,0,,,,,,,,,,,0,,,,,1,0,2026-01-12,2026-01-12
"ABOS Sales 2.0","Coming of Age [Post]","Web Retarg 2.0",2026-01-12,not_delivering,ad,189,197,1.04232804,"7-day click, 1-day view, or 1-day engaged-view",,,169,,2026-01-09,Ongoing,0,0,84.5,857.8680203,,,2,84.5,,,2,84.5,100,2,1.05820106,,,,,2026-01-12,2026-01-12
"ABOS Sales 2.0","Flexible 3 Groups 2.0","Web Retarg 2.0",2026-01-12,not_delivering,ad,1554,1713,1.1023166,"7-day click, 1-day view, or 1-day engaged-view",,,1082,,2026-01-09,Ongoing,0,0,24.04444444,631.64039696,,,45,27.74358974,,,35,30.91428571,77.77777778,39,2.50965251,,,12,90.16666667,2026-01-12,2026-01-12
"ABOS Sales 2.0","Black and white photo 2.0 [Redirect]","Web Retarg 2.0",2026-01-12,not_delivering,ad,889,941,1.05849269,"7-day click, 1-day view, or 1-day engaged-view",,,431,,2026-01-09,Ongoing,0,0,39.18181818,458.02337938,,,11,39.18181818,,,13,33.15384615,118.18181818,11,1.23734533,,,2,215.5,2026-01-12,2026-01-12
"ABOS Sales Campaign","Poster [Redirect link]","Zaiko + InBound (English)",2026-01-12,not_delivering,ad,2853,3437,1.20469681,"7-day click, 1-day view, or 1-day engaged-view",,,1919,,2025-12-06,2026-01-19,0,0,46.80487805,558.33575793,,,41,53.30555556,959.5,1919,32,59.96875,78.04878049,36,1.26182965,2,1,12,159.91666667,2026-01-12,2026-01-12
"ABOS Traffic 2.0","JD Photography","Broad JP Cities",2026-01-12,active,ad,3,3,1,"7-day click or 1-day view",,,0,,2026-01-09,Ongoing,0,0,,0,,,,,,,,,0,,,,,,,2026-01-12,2026-01-12
"ABOS Sales 2.0","T-Shirt Promo [Post]",Lookalikes+Engagers,2026-01-12,not_delivering,ad,0,0,0,"7-day click, 1-day view, or 1-day engaged-view",,,0,,2026-01-09,Ongoing,0,0,,,,,,,,,,,0,,,,,2,0,2026-01-12,2026-01-12
"ABOS Sales 2.0","JD painting with graphics 2.0 [redirect]","Web Retarg 2.0",2026-01-12,not_delivering,ad,75,81,1.08,"7-day click, 1-day view, or 1-day engaged-view",,,48,,2026-01-09,Ongoing,0,0,48,592.59259259,,,1,48,,,1,48,100,1,1.33333333,,,,,2026-01-12,2026-01-12
"ABOS Sales 2.0","T-Shirt Promo [Post]","Web Retarg 2.0",2026-01-12,not_delivering,ad,760,910,1.19736842,"7-day click, 1-day view, or 1-day engaged-view",,,800,,2026-01-09,Ongoing,0,0,53.33333333,879.12087912,,,15,57.14285714,,,16,50,106.66666667,14,1.84210526,,,11,72.72727273,2026-01-12,2026-01-12
"ABOS Sales Campaign","JD sitting desk","Zaiko + InBound (English)",2026-01-12,not_delivering,ad,174,210,1.20689655,"7-day click, 1-day view, or 1-day engaged-view",,,212,,2025-12-06,2026-01-19,0,0,212,1009.52380952,,,1,212,,,,,0,1,0.57471264,,,1,212,2026-01-12,2026-01-12
"ABOS Sales Campaign","JD Painting Video - Copy","Zaiko + InBound (English)",2026-01-12,not_delivering,ad,186,299,1.60752688,"7-day click, 1-day view, or 1-day engaged-view",,,354,,2025-12-06,2026-01-19,0,0,17.7,1183.94648829,,,20,25.28571429,354,354,10,35.4,50,14,7.52688172,1,1,3,118,2026-01-12,2026-01-12
"ABOS Traffic 2.0","JD Painting with Graphic - Copy","JD Deep Interest",2026-01-12,active,ad,0,0,0,"7-day click or 1-day view",,,0,,2026-01-09,Ongoing,0,0,,,,,,,,,,,0,,,,,4,0,2026-01-12,2026-01-12
"ABOS Sales Campaign","Opening Weekend Video - Copy","Zaiko + InBound (English)",2026-01-11,not_delivering,ad,1292,1375,1.06424149,"7-day click, 1-day view, or 1-day engaged-view",,,966,,2025-12-06,2026-01-19,0,0,50.84210526,702.54545455,,,19,50.84210526,966,,13,74.30769231,68.42105263,19,1.47058824,1,,2,483,2026-01-11,2026-01-11
"ABOS Sales 2.0","JD Spray Painting Ground 2.0",Lookalikes+Engagers,2026-01-11,not_delivering,ad,29,32,1.10344828,"7-day click, 1-day view, or 1-day engaged-view",,,20,,2026-01-09,Ongoing,0,0,,625,,,,,,,,,0,,,,,,,2026-01-11,2026-01-11
"ABOS Sales 2.0","JD Graffiti Paint 2.0",Lookalikes+Engagers,2026-01-11,not_delivering,ad,50,54,1.08,"7-day click, 1-day view, or 1-day engaged-view",,,29,,2026-01-09,Ongoing,0,0,,537.03703704,,,,,,,,,0,,,,,1,29,2026-01-11,2026-01-11
"ABOS Traffic 2.0","JD announcement date post","JD Deep Interest",2026-01-11,active,ad,1516,1521,1.00329815,"7-day click or 1-day view","Landing page views",76,363,4.77631579,2026-01-09,Ongoing,0,0,3.94565217,238.65877712,,,92,4.17241379,,,76,4.77631579,82.60869565,87,5.73878628,,,3,121,2026-01-11,2026-01-11
"ABOS Sales 2.0","Poster [Redirect link] + related Media - Copy","Web Retarg 2.0",2026-01-11,not_delivering,ad,258,292,1.13178295,"7-day click, 1-day view, or 1-day engaged-view",,,185,,2026-01-09,Ongoing,0,0,61.66666667,633.56164384,,,3,61.66666667,,,2,92.5,66.66666667,3,1.1627907,,,,,2026-01-11,2026-01-11
"ABOS Traffic 2.0","JD announcement date post","Broad JP Cities + JD Interest",2026-01-11,not_delivering,ad,250,252,1.008,"7-day click or 1-day view","Landing page views",7,49,7,2026-01-09,Ongoing,0,0,7,194.44444444,,,7,7,,,7,7,100,7,2.8,,,1,49,2026-01-11,2026-01-11
"ABOS Traffic 2.0","JD with Skull Confetti - Copy","Broad JP Cities",2026-01-11,active,ad,9,9,1,"7-day click or 1-day view","Landing page views",1,0,0,2026-01-09,Ongoing,0,0,0,0,,,2,0,,,1,0,50,2,22.22222222,,,,,2026-01-11,2026-01-11
"ABOS Sales Campaign","JD Pose with Graphic","Zaiko + InBound (English)",2026-01-11,not_delivering,ad,2185,2678,1.22562929,"7-day click, 1-day view, or 1-day engaged-view","Website purchases",1,1878,1878,2025-12-06,2026-01-19,2.5,2.85714286,46.95,701.26960418,1878,1,40,55.23529412,1878,1878,35,53.65714286,87.5,34,1.55606407,1,1,9,208.66666667,2026-01-11,2026-01-11
"ABOS Sales 2.0","Coming of Age [Post]",Lookalikes+Engagers,2026-01-11,not_delivering,ad,169,185,1.09467456,"7-day click, 1-day view, or 1-day engaged-view",,,128,,2026-01-09,Ongoing,0,0,32,691.89189189,,,4,32,,,4,32,100,4,2.36686391,,,1,128,2026-01-11,2026-01-11
"ABOS Traffic 2.0","Black and white photo","Broad JP Cities + JD Interest",2026-01-11,not_delivering,ad,74,74,1,"7-day click or 1-day view","Landing page views",4,14,3.5,2026-01-09,Ongoing,0,0,2.8,189.18918919,,,5,2.8,,,4,3.5,80,5,6.75675676,,,1,14,2026-01-11,2026-01-11
"ABOS Sales 2.0","Poster [Redirect link] + related Media - Copy",Lookalikes+Engagers,2026-01-11,not_delivering,ad,214,230,1.07476636,"7-day click, 1-day view, or 1-day engaged-view",,,115,,2026-01-09,Ongoing,0,0,,500,,,,,,,,,0,,,,,,,2026-01-11,2026-01-11
"ABOS Sales 2.0","Enter the world of Johnny Depp [Post]","Web Retarg 2.0",2026-01-11,not_delivering,ad,260,283,1.08846154,"7-day click, 1-day view, or 1-day engaged-view",,,210,,2026-01-09,Ongoing,0,0,105,742.04946996,,,2,105,,,2,105,100,2,0.76923077,,,1,210,2026-01-11,2026-01-11
"ABOS Sales Campaign","JD Spray Painting Ground - Copy","Zaiko + InBound (English)",2026-01-11,not_delivering,ad,2,2,1,"7-day click, 1-day view, or 1-day engaged-view",,,0,,2025-12-06,2026-01-19,0,0,,0,,,,,,,,,0,,,,,,,2026-01-11,2026-01-11
"ABOS Traffic 2.0","Black and white photo","Broad JP Cities",2026-01-11,active,ad,88,88,1,"7-day click or 1-day view","Landing page views",4,16,4,2026-01-09,Ongoing,0,0,5.33333333,181.81818182,,,3,5.33333333,,,4,4,133.33333333,3,3.40909091,,,1,16,2026-01-11,2026-01-11
"ABOS Sales Campaign","JD Konnichiwa Video","Zaiko + InBound (English)",2026-01-11,not_delivering,ad,823,914,1.11057108,"7-day click, 1-day view, or 1-day engaged-view",,,780,,2025-12-06,2026-01-19,0,0,41.05263158,853.3916849,,,19,41.05263158,,780,14,55.71428571,73.68421053,19,2.30862697,,1,3,260,2026-01-11,2026-01-11
"ABOS Traffic 2.0","JD with Skeleton Confetti","Broad JP Cities + JD Interest",2026-01-11,not_delivering,ad,12,12,1,"7-day click or 1-day view",,,1,,2026-01-09,Ongoing,0,0,,83.33333333,,,,,,,,,0,,,,,,,2026-01-11,2026-01-11
"ABOS Sales Campaign","Poster [Redirect link] + related Media","Zaiko + InBound (English)",2026-01-11,not_delivering,ad,1180,1289,1.09237288,"7-day click, 1-day view, or 1-day engaged-view",,,853,,2025-12-06,2026-01-19,0,0,56.86666667,661.75329713,,,15,56.86666667,,,12,71.08333333,80,15,1.27118644,,,3,284.33333333,2026-01-11,2026-01-11
"ABOS Sales 2.0","JD Spray Painting Ground 2.0","Web Retarg 2.0",2026-01-11,not_delivering,ad,42,47,1.11904762,"7-day click, 1-day view, or 1-day engaged-view",,,53,,2026-01-09,Ongoing,0,0,,1127.65957447,,,,,,,,,0,,,,,,,2026-01-11,2026-01-11
"ABOS Traffic 2.0","JD announcement date post","Broad JP Cities",2026-01-11,active,ad,1791,1825,1.01898381,"7-day click or 1-day view","Landing page views",60,313,5.21666667,2026-01-09,Ongoing,0,0,4.47142857,171.50684932,,,70,4.60294118,,,60,5.21666667,85.71428571,68,3.79676159,,,2,156.5,2026-01-11,2026-01-11
"ABOS Sales Campaign",Poster,"Zaiko + InBound (English)",2026-01-11,not_delivering,ad,5439,6602,1.21382607,"7-day click, 1-day view, or 1-day engaged-view","Website purchases",1,4047,4047,2025-12-06,2026-01-19,1.42857143,1.72413793,57.81428571,612.9960618,4047,1,70,62.26153846,1349,2023.5,58,69.77586207,82.85714286,65,1.19507262,3,2,14,289.07142857,2026-01-11,2026-01-11
"ABOS Sales 2.0","T-Shirt Promo [Post]",Lookalikes+Engagers,2026-01-11,not_delivering,ad,1076,1300,1.20817844,"7-day click, 1-day view, or 1-day engaged-view",,,979,,2026-01-09,Ongoing,0,0,69.92857143,753.07692308,,,14,69.92857143,,,14,69.92857143,100,14,1.30111524,,,26,37.65384615,2026-01-11,2026-01-11
"ABOS Traffic - #2","JD Konnichiwa Video - Copy","Broad JP Cities",2026-01-11,not_delivering,ad,0,0,0,"7-day click or 1-day view",,,0,,2025-12-26,2026-01-13,0,0,,,,,,,,,,,0,,,,,1,0,2026-01-11,2026-01-11
"ABOS Traffic 2.0","JD Photography - Copy 2","JD Deep Interest",2026-01-11,active,ad,36,36,1,"7-day click or 1-day view",,,1,,2026-01-09,Ongoing,0,0,,27.77777778,,,,,,,,,0,,,,,,,2026-01-11,2026-01-11
"ABOS Traffic 2.0","JD with Skeleton Confetti","JD Deep Interest",2026-01-11,active,ad,77,77,1,"7-day click or 1-day view","Landing page views",1,9,9,2026-01-09,Ongoing,0,0,9,116.88311688,,,1,9,,,1,9,100,1,1.2987013,,,1,9,2026-01-11,2026-01-11
"ABOS Traffic 2.0","JD Konnichiwa Video - Copy","Broad JP Cities",2026-01-11,active,ad,5258,5258,1,"7-day click or 1-day view","Landing page views",245,1551,6.33061224,2026-01-09,Ongoing,0,0,5.98841699,294.9790795,,,259,6.25403226,,,245,6.33061224,94.59459459,248,4.71662229,,,24,64.625,2026-01-11,2026-01-11
"ABOS Sales 2.0","Enter the world of Johnny Depp [Post]",Lookalikes+Engagers,2026-01-11,not_delivering,ad,420,467,1.11190476,"7-day click, 1-day view, or 1-day engaged-view",,,254,,2026-01-09,Ongoing,0,0,50.8,543.89721627,,,5,50.8,,,3,84.66666667,60,5,1.19047619,,,3,84.66666667,2026-01-11,2026-01-11
"ABOS Sales 2.0","Flexible 3 Groups 2.0",Lookalikes+Engagers,2026-01-11,not_delivering,ad,1545,1711,1.10744337,"7-day click, 1-day view, or 1-day engaged-view",,,1037,,2026-01-09,Ongoing,0,0,27.28947368,606.07831677,,,38,28.02702703,,,32,32.40625,84.21052632,37,2.39482201,,,11,94.27272727,2026-01-11,2026-01-11
"ABOS Sales 2.0","Black and white photo 2.0 [Redirect]",Lookalikes+Engagers,2026-01-11,not_delivering,ad,992,1105,1.11391129,"7-day click, 1-day view, or 1-day engaged-view",,,653,,2026-01-09,Ongoing,0,0,27.20833333,590.95022624,,,24,31.0952381,,,22,29.68181818,91.66666667,21,2.11693548,,,,,2026-01-11,2026-01-11
"ABOS Sales Campaign","Poster [Redirect link]","Zaiko + InBound (English)",2026-01-11,not_delivering,ad,1034,1176,1.13733075,"7-day click, 1-day view, or 1-day engaged-view",,,904,,2025-12-06,2026-01-19,0,0,53.17647059,768.70748299,,,17,60.26666667,,,9,100.44444444,52.94117647,15,1.45067698,,,2,452,2026-01-11,2026-01-11
"ABOS Sales 2.0","Flexible 3 Groups 2.0","Web Retarg 2.0",2026-01-11,not_delivering,ad,1205,1383,1.14771784,"7-day click, 1-day view, or 1-day engaged-view","Website purchases",1,1095,1095,2026-01-09,Ongoing,3.03030303,3.125,33.18181818,791.75704989,1095,1,33,36.5,,1095,32,34.21875,96.96969697,30,2.48962656,,1,20,54.75,2026-01-11,2026-01-11
"ABOS Sales 2.0","Black and white photo 2.0 [Redirect]","Web Retarg 2.0",2026-01-11,not_delivering,ad,475,531,1.11789474,"7-day click, 1-day view, or 1-day engaged-view",,,380,,2026-01-09,Ongoing,0,0,42.22222222,715.63088512,,,9,42.22222222,,,7,54.28571429,77.77777778,9,1.89473684,,,2,190,2026-01-11,2026-01-11
"ABOS Sales 2.0","Coming of Age [Post]","Web Retarg 2.0",2026-01-11,not_delivering,ad,130,144,1.10769231,"7-day click, 1-day view, or 1-day engaged-view",,,126,,2026-01-09,Ongoing,0,0,42,875,,,3,42,,,1,126,33.33333333,3,2.30769231,,,,,2026-01-11,2026-01-11
"ABOS Sales 2.0","JD Graffiti Paint 2.0","Web Retarg 2.0",2026-01-11,not_delivering,ad,21,21,1,"7-day click, 1-day view, or 1-day engaged-view",,,15,,2026-01-09,Ongoing,0,0,,714.28571429,,,,,,,,,0,,,,,,,2026-01-11,2026-01-11
"ABOS Sales 2.0","JD painting with graphics 2.0 [redirect]","Web Retarg 2.0",2026-01-11,not_delivering,ad,26,27,1.03846154,"7-day click, 1-day view, or 1-day engaged-view",,,28,,2026-01-09,Ongoing,0,0,,1037.03703704,,,,,,,,,0,,,,,,,2026-01-11,2026-01-11
"ABOS Sales 2.0","JD painting with graphics 2.0 [redirect]",Lookalikes+Engagers,2026-01-11,not_delivering,ad,34,37,1.08823529,"7-day click, 1-day view, or 1-day engaged-view",,,18,,2026-01-09,Ongoing,0,0,18,486.48648649,,,1,18,,,,,0,1,2.94117647,,,,,2026-01-11,2026-01-11
"ABOS Sales 2.0","T-Shirt Promo [Post]","Web Retarg 2.0",2026-01-11,not_delivering,ad,763,988,1.2948886,"7-day click, 1-day view, or 1-day engaged-view","Website purchases",1,1114,1114,2026-01-09,Ongoing,3.57142857,4.16666667,39.78571429,1127.53036437,1114,1,28,48.43478261,1114,371.33333333,24,46.41666667,85.71428571,23,3.01441678,1,3,20,55.7,2026-01-11,2026-01-11
"ABOS Sales Campaign","JD Painting Video - Copy","Zaiko + InBound (English)",2026-01-11,not_delivering,ad,81,87,1.07407407,"7-day click, 1-day view, or 1-day engaged-view","Website purchases",1,92,92,2025-12-06,2026-01-19,0,0,,1057.47126437,92,1,,,,,,,0,,,,,,,2026-01-11,2026-01-11
"ABOS Traffic 2.0","JD Photograph with graphics - Copy","Broad JP Cities + JD Interest",2026-01-11,not_delivering,ad,1,1,1,"7-day click or 1-day view",,,0,,2026-01-09,Ongoing,0,0,,0,,,,,,,,,0,,,,,,,2026-01-11,2026-01-11
"ABOS Traffic 2.0","JD Konnichiwa Video - Copy","JD Deep Interest",2026-01-11,active,ad,24,24,1,"7-day click or 1-day view","Landing page views",2,3,1.5,2026-01-09,Ongoing,0,0,1.5,125,,,2,1.5,,,2,1.5,100,2,8.33333333,,,,,2026-01-11,2026-01-11
"ABOS Traffic 2.0","JD with Skeleton Confetti","Broad JP Cities",2026-01-11,active,ad,180,180,1,"7-day click or 1-day view","Landing page views",10,37,3.7,2026-01-09,Ongoing,0,0,3.36363636,205.55555556,,,11,3.36363636,,,10,3.7,90.90909091,11,6.11111111,,,,,2026-01-11,2026-01-11
"ABOS Traffic 2.0","JD Photography - Copy","JD Deep Interest",2026-01-10,active,ad,3,3,1,"7-day click or 1-day view",,,0,,2026-01-09,Ongoing,0,0,,0,,,,,,,,,0,,,,,,,2026-01-10,2026-01-10
"ABOS Sales 2.0","Poster [Redirect link] + related Media - Copy","Web Retarg 2.0",2026-01-10,not_delivering,ad,291,328,1.12714777,"7-day click, 1-day view, or 1-day engaged-view",,,202,,2026-01-09,Ongoing,0,0,50.5,615.85365854,,,4,67.33333333,,,4,50.5,100,3,1.03092784,,,1,202,2026-01-10,2026-01-10
"ABOS Traffic 2.0","Hello Tokyo - Copy","Broad JP Cities + JD Interest",2026-01-10,not_delivering,ad,41,41,1,"7-day click or 1-day view",,,14,,2026-01-09,Ongoing,0,0,14,341.46341463,,,1,14,,,,,0,1,2.43902439,,,,,2026-01-10,2026-01-10
"ABOS Traffic 2.0","JD announcement date post","Broad JP Cities + JD Interest",2026-01-10,not_delivering,ad,159,161,1.01257862,"7-day click or 1-day view","Landing page views",4,36,9,2026-01-09,Ongoing,0,0,6,223.60248447,,,6,6,,,4,9,66.66666667,6,3.77358491,,,,,2026-01-10,2026-01-10
"ABOS Traffic 2.0","JD with Skull Confetti - Copy","JD Deep Interest",2026-01-10,active,ad,1,1,1,"7-day click or 1-day view",,,0,,2026-01-09,Ongoing,0,0,,0,,,,,,,,,0,,,,,,,2026-01-10,2026-01-10
"ABOS Traffic 2.0","JD announcement date post","JD Deep Interest",2026-01-10,active,ad,317,321,1.0126183,"7-day click or 1-day view","Landing page views",17,77,4.52941176,2026-01-09,Ongoing,0,0,4.05263158,239.87538941,,,19,4.8125,,,17,4.52941176,89.47368421,16,5.04731861,,,,,2026-01-10,2026-01-10
"ABOS Sales 2.0","JD Graffiti Paint 2.0",Lookalikes+Engagers,2026-01-10,not_delivering,ad,50,53,1.06,"7-day click, 1-day view, or 1-day engaged-view",,,27,,2026-01-09,Ongoing,0,0,27,509.43396226,,,1,27,,,1,27,100,1,2,,,,,2026-01-10,2026-01-10
"ABOS Sales Campaign",Poster,"Zaiko + InBound (English)",2026-01-10,not_delivering,ad,0,0,0,"7-day click, 1-day view, or 1-day engaged-view","Website purchases",1,0,0,2025-12-06,2026-01-19,0,0,,,0,1,,,,0,,,0,,,,2,1,0,2026-01-10,2026-01-10
"ABOS Traffic 2.0","JD announcement date post","Broad JP Cities",2026-01-10,active,ad,1414,1456,1.02970297,"7-day click or 1-day view","Landing page views",47,392,8.34042553,2026-01-09,Ongoing,0,0,7.84,269.23076923,,,50,7.84,,,47,8.34042553,94,50,3.53606789,,,2,196,2026-01-10,2026-01-10
"ABOS Traffic 2.0","JD with Skull Confetti - Copy","Broad JP Cities + JD Interest",2026-01-10,not_delivering,ad,1,1,1,"7-day click or 1-day view",,,0,,2026-01-09,Ongoing,0,0,,0,,,,,,,,,0,,,,,,,2026-01-10,2026-01-10
"ABOS Traffic 2.0","JD Painting with Graphic - Copy","JD Deep Interest",2026-01-10,active,ad,83,83,1,"7-day click or 1-day view","Landing page views",1,30,30,2026-01-09,Ongoing,0,0,30,361.44578313,,,1,30,,,1,30,100,1,1.20481928,,,2,15,2026-01-10,2026-01-10
"ABOS Sales 2.0","JD Spray Painting Ground 2.0",Lookalikes+Engagers,2026-01-10,not_delivering,ad,44,51,1.15909091,"7-day click, 1-day view, or 1-day engaged-view",,,27,,2026-01-09,Ongoing,0,0,,529.41176471,,,,,,,,,0,,,,,,,2026-01-10,2026-01-10
"ABOS Traffic 2.0","Black and white photo","Broad JP Cities + JD Interest",2026-01-10,not_delivering,ad,938,938,1,"7-day click or 1-day view","Landing page views",31,252,8.12903226,2026-01-09,Ongoing,0,0,8.12903226,268.65671642,,,31,8.4,,,31,8.12903226,100,30,3.19829424,,,2,126,2026-01-10,2026-01-10
"ABOS Sales 2.0","Poster [Redirect link] + related Media - Copy",Lookalikes+Engagers,2026-01-10,not_delivering,ad,357,396,1.1092437,"7-day click, 1-day view, or 1-day engaged-view",,,207,,2026-01-09,Ongoing,0,0,25.875,522.72727273,,,8,25.875,,,6,34.5,75,8,2.24089636,,,,,2026-01-10,2026-01-10
"ABOS Sales 2.0","Enter the world of Johnny Depp [Post]","Web Retarg 2.0",2026-01-10,not_delivering,ad,699,714,1.02145923,"7-day click, 1-day view, or 1-day engaged-view",,,464,,2026-01-09,Ongoing,0,0,58,649.85994398,,,8,58,,,9,51.55555556,112.5,8,1.14449213,,,4,116,2026-01-10,2026-01-10
"ABOS Traffic 2.0","Black and white photo","Broad JP Cities",2026-01-10,active,ad,1028,1028,1,"7-day click or 1-day view","Landing page views",48,230,4.79166667,2026-01-09,Ongoing,0,0,4.18181818,223.73540856,,,55,4.25925926,,,48,4.79166667,87.27272727,54,5.25291829,,,1,230,2026-01-10,2026-01-10
"ABOS Sales Campaign","JD Konnichiwa Video","Zaiko + InBound (English)",2026-01-10,not_delivering,ad,0,0,0,"7-day click, 1-day view, or 1-day engaged-view","Website purchases",1,0,0,2025-12-06,2026-01-19,0,0,,,0,1,,,0,0,,,0,,,3,3,3,0,2026-01-10,2026-01-10
"ABOS Traffic 2.0","Hanging sketches - Copy","JD Deep Interest",2026-01-10,inactive,ad,29,30,1.03448276,"7-day click or 1-day view",,,7,,2026-01-09,Ongoing,0,0,,233.33333333,,,,,,,,,0,,,,,,,2026-01-10,2026-01-10
"ABOS Traffic 2.0","JD with Skeleton Confetti","Broad JP Cities + JD Interest",2026-01-10,not_delivering,ad,164,165,1.00609756,"7-day click or 1-day view","Landing page views",6,24,4,2026-01-09,Ongoing,0,0,3,145.45454545,,,8,3,,,6,4,75,8,4.87804878,,,,,2026-01-10,2026-01-10
"ABOS Traffic 2.0","JD Spray Painting Ground","Broad JP Cities",2026-01-10,active,ad,26,26,1,"7-day click or 1-day view","Landing page views",2,3,1.5,2026-01-09,Ongoing,0,0,1.5,115.38461538,,,2,1.5,,,2,1.5,100,2,7.69230769,,,,,2026-01-10,2026-01-10
"ABOS Sales 2.0","JD Spray Painting Ground 2.0","Web Retarg 2.0",2026-01-10,not_delivering,ad,46,52,1.13043478,"7-day click, 1-day view, or 1-day engaged-view",,,43,,2026-01-09,Ongoing,0,0,43,826.92307692,,,1,43,,,1,43,100,1,2.17391304,,,,,2026-01-10,2026-01-10
"ABOS Traffic 2.0","Hello Tokyo - Copy","Broad JP Cities",2026-01-10,active,ad,83,83,1,"7-day click or 1-day view",,,6,,2026-01-09,Ongoing,0,0,,72.28915663,,,,,,,,,0,,,,,,,2026-01-10,2026-01-10
"ABOS Traffic - #2","JD Konnichiwa Video - Copy","Broad JP Cities",2026-01-10,not_delivering,ad,0,0,0,"7-day click or 1-day view","Landing page views",4,0,0,2025-12-26,2026-01-13,0,0,,,,,,,,,4,0,0,,,,,,,2026-01-10,2026-01-10
"ABOS Traffic 2.0","JD Desk - Red Curtain - Copy","JD Deep Interest",2026-01-10,active,ad,3,3,1,"7-day click or 1-day view",,,0,,2026-01-09,Ongoing,0,0,,0,,,,,,,,,0,,,,,,,2026-01-10,2026-01-10
"ABOS Traffic 2.0","JD Photograph with graphics - Copy","Broad JP Cities + JD Interest",2026-01-10,not_delivering,ad,1,1,1,"7-day click or 1-day view",,,0,,2026-01-09,Ongoing,0,0,,0,,,,,,,,,0,,,,,,,2026-01-10,2026-01-10
"ABOS Traffic 2.0","Black and white photo","JD Deep Interest",2026-01-10,active,ad,687,695,1.01164483,"7-day click or 1-day view","Landing page views",23,165,7.17391304,2026-01-09,Ongoing,0,0,6.11111111,237.41007194,,,27,6.34615385,,,23,7.17391304,85.18518519,26,3.7845706,,,1,165,2026-01-10,2026-01-10
"ABOS Traffic - #2","JD Painting with Graphic - Copy","Broad JP Cities",2026-01-10,not_delivering,ad,0,0,0,"7-day click or 1-day view",,,0,,2025-12-26,2026-01-13,0,0,,,,,,,,,,,0,,,,,1,0,2026-01-10,2026-01-10
"ABOS Sales Campaign","JD Painting Video - Copy","Zaiko + InBound (English)",2026-01-10,not_delivering,ad,0,0,0,"7-day click, 1-day view, or 1-day engaged-view","Website purchases",1,0,0,2025-12-06,2026-01-19,0,0,,,0,1,,,,0,,,0,,,,1,4,0,2026-01-10,2026-01-10
"ABOS Sales 2.0","Enter the world of Johnny Depp [Post]",Lookalikes+Engagers,2026-01-10,not_delivering,ad,601,658,1.09484193,"7-day click, 1-day view, or 1-day engaged-view",,,369,,2026-01-09,Ongoing,0,0,26.35714286,560.79027356,,,14,26.35714286,,,10,36.9,71.42857143,14,2.32945092,,,5,73.8,2026-01-10,2026-01-10
"ABOS Sales 2.0","Flexible 3 Groups 2.0",Lookalikes+Engagers,2026-01-10,not_delivering,ad,3807,4511,1.18492251,"7-day click, 1-day view, or 1-day engaged-view","Website purchases",1,2588,2588,2026-01-09,Ongoing,0.98039216,1.07526882,25.37254902,573.70871204,2588,1,102,27.82795699,2588,2588,93,27.82795699,91.17647059,93,2.4428684,1,1,25,103.52,2026-01-10,2026-01-10
"ABOS Traffic 2.0","JD Photograph with graphics - Copy","JD Deep Interest",2026-01-10,active,ad,8,8,1,"7-day click or 1-day view",,,0,,2026-01-09,Ongoing,0,0,,0,,,,,,,,,0,,,,,,,2026-01-10,2026-01-10
"ABOS Traffic 2.0","JD Painting with Graphic - Copy","Broad JP Cities + JD Interest",2026-01-10,not_delivering,ad,1,1,1,"7-day click or 1-day view",,,0,,2026-01-09,Ongoing,0,0,,0,,,,,,,,,0,,,,,,,2026-01-10,2026-01-10
"ABOS Sales 2.0","Black and white photo 2.0 [Redirect]",Lookalikes+Engagers,2026-01-10,not_delivering,ad,1700,2006,1.18,"7-day click, 1-day view, or 1-day engaged-view",,,1193,,2026-01-09,Ongoing,0,0,26.51111111,594.71585244,,,45,29.825,,,42,28.4047619,93.33333333,40,2.35294118,,,3,397.66666667,2026-01-10,2026-01-10
"ABOS Sales 2.0","Coming of Age [Post]","Web Retarg 2.0",2026-01-10,not_delivering,ad,608,639,1.05098684,"7-day click, 1-day view, or 1-day engaged-view",,,409,,2026-01-09,Ongoing,0,0,45.44444444,640.06259781,,,9,51.125,,,5,81.8,55.55555556,8,1.31578947,,,2,204.5,2026-01-10,2026-01-10
"ABOS Sales 2.0","Flexible 3 Groups 2.0","Web Retarg 2.0",2026-01-10,not_delivering,ad,5326,5936,1.11453248,"7-day click, 1-day view, or 1-day engaged-view","Website purchases",1,3659,3659,2026-01-09,Ongoing,0.72463768,0.86206897,26.51449275,616.4083558,3659,1,138,28.5859375,3659,1219.66666667,116,31.54310345,84.05797101,128,2.40330454,1,3,28,130.67857143,2026-01-10,2026-01-10
"ABOS Sales 2.0","Black and white photo 2.0 [Redirect]","Web Retarg 2.0",2026-01-10,not_delivering,ad,1947,2114,1.08577298,"7-day click, 1-day view, or 1-day engaged-view",,,1428,,2026-01-09,Ongoing,0,0,32.45454545,675.49668874,,,44,36.61538462,1428,,40,35.7,90.90909091,39,2.00308166,1,,6,238,2026-01-10,2026-01-10
"ABOS Traffic 2.0","JD Konnichiwa Video - Copy","Broad JP Cities",2026-01-10,active,ad,1412,1422,1.00708215,"7-day click or 1-day view","Landing page views",89,485,5.4494382,2026-01-09,Ongoing,0,0,5.15957447,341.06891702,,,94,5.51136364,,,89,5.4494382,94.68085106,88,6.23229462,,,9,53.88888889,2026-01-10,2026-01-10
"ABOS Traffic 2.0","JD Photography - Copy 2","JD Deep Interest",2026-01-10,active,ad,30,30,1,"7-day click or 1-day view","Landing page views",2,1,0.5,2026-01-09,Ongoing,0,0,0.5,33.33333333,,,2,0.5,,,2,0.5,100,2,6.66666667,,,1,1,2026-01-10,2026-01-10
"ABOS Traffic 2.0","JD Painting with Graphic - Copy","Broad JP Cities",2026-01-10,active,ad,3,3,1,"7-day click or 1-day view",,,0,,2026-01-09,Ongoing,0,0,,0,,,,,,,,,0,,,,,,,2026-01-10,2026-01-10
"ABOS Traffic 2.0","JD with Skeleton Confetti","Broad JP Cities",2026-01-10,active,ad,76,76,1,"7-day click or 1-day view","Landing page views",2,3,1.5,2026-01-09,Ongoing,0,0,1.5,39.47368421,,,2,1.5,,,2,1.5,100,2,2.63157895,,,1,3,2026-01-10,2026-01-10
"ABOS Sales 2.0","JD Graffiti Paint 2.0","Web Retarg 2.0",2026-01-10,not_delivering,ad,19,19,1,"7-day click, 1-day view, or 1-day engaged-view",,,10,,2026-01-09,Ongoing,0,0,,526.31578947,,,,,,,,,0,,,,,,,2026-01-10,2026-01-10
"ABOS Sales 2.0","JD painting with graphics 2.0 [redirect]","Web Retarg 2.0",2026-01-10,not_delivering,ad,41,44,1.07317073,"7-day click, 1-day view, or 1-day engaged-view",,,37,,2026-01-09,Ongoing,0,0,,840.90909091,,,,,,,,,0,,,,,,,2026-01-10,2026-01-10
"ABOS Sales 2.0","JD painting with graphics 2.0 [redirect]",Lookalikes+Engagers,2026-01-10,not_delivering,ad,61,65,1.06557377,"7-day click, 1-day view, or 1-day engaged-view",,,30,,2026-01-09,Ongoing,0,0,,461.53846154,,,,,,,,,0,,,,,,,2026-01-10,2026-01-10
"ABOS Traffic 2.0","Hello Tokyo - Copy","JD Deep Interest",2026-01-10,active,ad,4,4,1,"7-day click or 1-day view",,,0,,2026-01-09,Ongoing,0,0,,0,,,,,,,,,0,,,,,,,2026-01-10,2026-01-10
"ABOS Sales 2.0","T-Shirt Promo [Post]","Web Retarg 2.0",2026-01-10,not_delivering,ad,2170,2959,1.36359447,"7-day click, 1-day view, or 1-day engaged-view","Website purchases",1,3044,3044,2026-01-09,Ongoing,2,2.38095238,60.88,1028.72592092,3044,1,50,64.76595745,3044,3044,42,72.47619048,84,47,2.16589862,1,1,24,126.83333333,2026-01-10,2026-01-10
"ABOS Sales 2.0","Coming of Age [Post]",Lookalikes+Engagers,2026-01-10,not_delivering,ad,397,465,1.17128463,"7-day click, 1-day view, or 1-day engaged-view",,,306,,2026-01-09,Ongoing,0,0,61.2,658.06451613,,,5,61.2,,,5,61.2,100,5,1.25944584,,,1,306,2026-01-10,2026-01-10
"ABOS Sales 2.0","T-Shirt Promo [Post]",Lookalikes+Engagers,2026-01-10,not_delivering,ad,3628,5301,1.46113561,"7-day click, 1-day view, or 1-day engaged-view","Website purchases",1,4149,4149,2026-01-09,Ongoing,0.98039216,1.04166667,40.67647059,782.68251273,4149,1,102,44.61290323,4149,4149,96,43.21875,94.11764706,93,2.56339581,1,1,58,71.53448276,2026-01-10,2026-01-10
"ABOS Sales 2.0","JD Graffiti Paint 2.0",Lookalikes+Engagers,2026-01-09,not_delivering,ad,1021,1100,1.07737512,"7-day click, 1-day view, or 1-day engaged-view",,,1112,,2026-01-09,Ongoing,0,0,278,1010.90909091,,,4,278,,,3,370.66666667,75,4,0.39177277,,,,,2026-01-09,2026-01-09
"ABOS Sales 2.0","Poster [Redirect link] + related Media - Copy","Web Retarg 2.0",2026-01-09,not_delivering,ad,3,3,1,"7-day click, 1-day view, or 1-day engaged-view",,,1,,2026-01-09,Ongoing,0,0,,333.33333333,,,,,,,,,0,,,,,,,2026-01-09,2026-01-09
"ABOS Traffic 2.0","JD announcement date post","JD Deep Interest",2026-01-09,active,ad,1372,1406,1.02478134,"7-day click or 1-day view","Landing page views",24,540,22.5,2026-01-09,Ongoing,0,0,21.6,384.06827881,,,25,21.6,,,24,22.5,96,25,1.82215743,,,3,180,2026-01-09,2026-01-09
"ABOS Traffic 2.0","JD announcement date post","Broad JP Cities",2026-01-09,active,ad,4,4,1,"7-day click or 1-day view",,,1,,2026-01-09,Ongoing,0,0,,250,,,,,,,,,0,,,,,,,2026-01-09,2026-01-09
"ABOS Sales Campaign","Opening Weekend Video - Copy","Zaiko + InBound (English)",2026-01-09,not_delivering,ad,68,86,1.26470588,"7-day click, 1-day view, or 1-day engaged-view",,,86,,2025-12-06,2026-01-19,0,0,43,1000,,,2,43,,,1,86,50,2,2.94117647,,,,,2026-01-09,2026-01-09
"ABOS Traffic - #2","JD announcement date post","Broad JP Cities + JD Interest",2026-01-09,not_delivering,ad,4,4,1,"7-day click or 1-day view",,,0,,2026-01-09,2026-01-13,0,0,,0,,,,,,,,,0,,,,,,,2026-01-09,2026-01-09
"ABOS Traffic - #2","JD Photograph with graphics - Copy","Broad JP Cities + JD Interest",2026-01-09,not_delivering,ad,3,3,1,"7-day click or 1-day view",,,0,,2026-01-09,2026-01-13,0,0,,0,,,,,,,,,0,,,,,,,2026-01-09,2026-01-09
"ABOS Sales Campaign",Poster,"Zaiko + InBound (English)",2026-01-09,not_delivering,ad,1182,1378,1.16582064,"7-day click, 1-day view, or 1-day engaged-view","Website purchases",5,814,162.8,2025-12-06,2026-01-19,45.45454545,83.33333333,74,590.71117562,162.8,5,11,74,203.5,203.5,6,135.66666667,54.54545455,11,0.93062606,4,4,10,81.4,2026-01-09,2026-01-09
"ABOS Traffic 2.0","Hello Tokyo - Copy","Broad JP Cities + JD Interest",2026-01-09,not_delivering,ad,239,242,1.0125523,"7-day click or 1-day view","Landing page views",5,68,13.6,2026-01-09,Ongoing,0,0,11.33333333,280.99173554,,,6,11.33333333,,,5,13.6,83.33333333,6,2.51046025,,,2,34,2026-01-09,2026-01-09
"ABOS Traffic 2.0","JD announcement date post","Broad JP Cities + JD Interest",2026-01-09,not_delivering,ad,22,22,1,"7-day click or 1-day view",,,3,,2026-01-09,Ongoing,0,0,,136.36363636,,,,,,,,,0,,,,,,,2026-01-09,2026-01-09
"ABOS Sales Campaign","JD Spray Painting Ground - Copy","Zaiko + InBound (English)",2026-01-09,not_delivering,ad,40,47,1.175,"7-day click, 1-day view, or 1-day engaged-view",,,44,,2025-12-06,2026-01-19,0,0,,936.17021277,,,,,,,,,0,,,,,,,2026-01-09,2026-01-09
"ABOS Sales 2.0","JD Spray Painting Ground 2.0",Lookalikes+Engagers,2026-01-09,not_delivering,ad,11,11,1,"7-day click, 1-day view, or 1-day engaged-view",,,4,,2026-01-09,Ongoing,0,0,,363.63636364,,,,,,,,,0,,,,,,,2026-01-09,2026-01-09
"ABOS Traffic 2.0","Black and white photo","Broad JP Cities + JD Interest",2026-01-09,not_delivering,ad,25,27,1.08,"7-day click or 1-day view",,,7,,2026-01-09,Ongoing,0,0,,259.25925926,,,,,,,,,0,,,,,,,2026-01-09,2026-01-09
"ABOS Sales 2.0","Poster [Redirect link] + related Media - Copy",Lookalikes+Engagers,2026-01-09,not_delivering,ad,161,168,1.04347826,"7-day click, 1-day view, or 1-day engaged-view",,,64,,2026-01-09,Ongoing,0,0,32,380.95238095,,,2,32,,,,,0,2,1.24223602,,,,,2026-01-09,2026-01-09
"ABOS Sales 2.0","Enter the world of Johnny Depp [Post]","Web Retarg 2.0",2026-01-09,not_delivering,ad,1446,1529,1.05739972,"7-day click, 1-day view, or 1-day engaged-view",,,1046,,2026-01-09,Ongoing,0,0,69.73333333,684.10725965,,,15,74.71428571,,,11,95.09090909,73.33333333,14,0.96818811,,,4,261.5,2026-01-09,2026-01-09
"ABOS Sales Campaign","JD Konnichiwa Video","Zaiko + InBound (English)",2026-01-09,not_delivering,ad,454,609,1.34140969,"7-day click, 1-day view, or 1-day engaged-view","Website purchases",2,628,314,2025-12-06,2026-01-19,13.33333333,18.18181818,41.86666667,1031.19868637,314,2,15,69.77777778,628,628,11,57.09090909,73.33333333,9,1.98237885,1,1,13,48.30769231,2026-01-09,2026-01-09
"ABOS Traffic 2.0","Hanging sketches - Copy","JD Deep Interest",2026-01-09,inactive,ad,7,7,1,"7-day click or 1-day view",,,1,,2026-01-09,Ongoing,0,0,,142.85714286,,,,,,,,,0,,,,,,,2026-01-09,2026-01-09
"ABOS Traffic 2.0","JD with Skeleton Confetti","Broad JP Cities + JD Interest",2026-01-09,not_delivering,ad,1,1,1,"7-day click or 1-day view",,,0,,2026-01-09,Ongoing,0,0,,0,,,,,,,,,0,,,,,,,2026-01-09,2026-01-09
"ABOS Traffic - #2","JD with Skeleton Confetti","Broad JP Cities",2026-01-09,not_delivering,ad,6437,6643,1.03200249,"7-day click or 1-day view","Landing page views",222,1889,8.50900901,2025-12-26,2026-01-13,0,0,8.8271028,284.35947614,,,214,8.91037736,1889,,222,8.50900901,103.73831776,212,3.29345969,1,,42,44.97619048,2026-01-09,2026-01-09
"ABOS Sales Campaign","Poster [Redirect link] + related Media","Zaiko + InBound (English)",2026-01-09,not_delivering,ad,35,40,1.14285714,"7-day click, 1-day view, or 1-day engaged-view",,,30,,2025-12-06,2026-01-19,0,0,30,750,,,1,30,,,1,30,100,1,2.85714286,,,,,2026-01-09,2026-01-09
"ABOS Traffic 2.0","Hello Tokyo - Copy","Broad JP Cities",2026-01-09,active,ad,184,186,1.01086957,"7-day click or 1-day view","Landing page views",5,48,9.6,2026-01-09,Ongoing,0,0,9.6,258.06451613,,,5,9.6,,,5,9.6,100,5,2.7173913,,,1,48,2026-01-09,2026-01-09
"ABOS Traffic - #2","JD Konnichiwa Video - Copy","Broad JP Cities",2026-01-09,not_delivering,ad,53467,54473,1.01881534,"7-day click or 1-day view","Landing page views",2070,17014,8.21932367,2025-12-26,2026-01-13,0.04464286,0.04830918,7.59553571,312.33822261,17014,1,2240,7.840553,8507,17014,2070,8.21932367,92.41071429,2170,4.05857819,2,1,226,75.28318584,2026-01-09,2026-01-09
"ABOS Sales Campaign","Poster [Redirect link]","Zaiko + InBound (English)",2026-01-09,not_delivering,ad,146,172,1.17808219,"7-day click, 1-day view, or 1-day engaged-view",,,145,,2025-12-06,2026-01-19,0,0,72.5,843.02325581,,,2,72.5,,145,1,145,50,2,1.36986301,,1,2,72.5,2026-01-09,2026-01-09
"ABOS Traffic 2.0","JD Desk - Red Curtain - Copy","Broad JP Cities + JD Interest",2026-01-09,not_delivering,ad,2,2,1,"7-day click or 1-day view",,,0,,2026-01-09,Ongoing,0,0,,0,,,,,,,,,0,,,,,,,2026-01-09,2026-01-09
"ABOS Traffic - #2","Hanging sketches - Copy","Broad JP Cities",2026-01-09,not_delivering,ad,2,2,1,"7-day click or 1-day view",,,0,,2025-12-26,2026-01-13,0,0,,0,,,,,,,,,0,,,,,,,2026-01-09,2026-01-09
"ABOS Traffic 2.0","JD Painting with Graphic - Copy","JD Deep Interest",2026-01-09,active,ad,407,411,1.00982801,"7-day click or 1-day view","Landing page views",12,118,9.83333333,2026-01-09,Ongoing,0,0,7.375,287.10462287,,,16,7.375,,,12,9.83333333,75,16,3.93120393,,,1,118,2026-01-09,2026-01-09
"ABOS Traffic 2.0","JD Konnichiwa Video - Copy","Broad JP Cities",2026-01-09,active,ad,70,70,1,"7-day click or 1-day view","Landing page views",7,35,5,2026-01-09,Ongoing,0,0,5.83333333,500,,,6,5.83333333,,,7,5,116.66666667,6,8.57142857,,,2,17.5,2026-01-09,2026-01-09
"ABOS Sales 2.0","Enter the world of Johnny Depp [Post]",Lookalikes+Engagers,2026-01-09,not_delivering,ad,1970,2057,1.04416244,"7-day click, 1-day view, or 1-day engaged-view",,,1231,,2026-01-09,Ongoing,0,0,82.06666667,598.44433641,,,15,82.06666667,,,13,94.69230769,86.66666667,15,0.76142132,,,2,615.5,2026-01-09,2026-01-09
"ABOS Sales Campaign","JD w/ Confetti","Zaiko + InBound (English)",2026-01-09,not_delivering,ad,22,22,1,"7-day click, 1-day view, or 1-day engaged-view",,,19,,2025-12-06,2026-01-19,0,0,,863.63636364,,,,,,,,,0,,,,,,,2026-01-09,2026-01-09
"ABOS Sales 2.0","Flexible 3 Groups 2.0",Lookalikes+Engagers,2026-01-09,not_delivering,ad,2088,2232,1.06896552,"7-day click, 1-day view, or 1-day engaged-view",,,1634,,2026-01-09,Ongoing,0,0,90.77777778,732.07885305,,,18,90.77777778,,,16,102.125,88.88888889,18,0.86206897,,,3,544.66666667,2026-01-09,2026-01-09
"ABOS Sales Campaign","JD Graffiti Paint - Copy","Zaiko + InBound (English)",2026-01-09,not_delivering,ad,3,3,1,"7-day click, 1-day view, or 1-day engaged-view",,,4,,2025-12-06,2026-01-19,0,0,,1333.33333333,,,,,,,,,0,,,,,,,2026-01-09,2026-01-09
"ABOS Sales 2.0","Black and white photo 2.0 [Redirect]",Lookalikes+Engagers,2026-01-09,not_delivering,ad,1707,1803,1.05623902,"7-day click, 1-day view, or 1-day engaged-view",,,987,,2026-01-09,Ongoing,0,0,32.9,547.42096506,,,30,34.03448276,,,27,36.55555556,90,29,1.69888694,,,1,987,2026-01-09,2026-01-09
"ABOS Sales 2.0","Coming of Age [Post]","Web Retarg 2.0",2026-01-09,not_delivering,ad,478,491,1.02719665,"7-day click, 1-day view, or 1-day engaged-view",,,436,,2026-01-09,Ongoing,0,0,72.66666667,887.98370672,,,6,72.66666667,,,5,87.2,83.33333333,6,1.25523013,,,1,436,2026-01-09,2026-01-09
"ABOS Traffic - #2","Hanging sketches - Copy","Broad JP Cities + JD Interest",2026-01-09,not_delivering,ad,2,2,1,"7-day click or 1-day view",,,0,,2026-01-09,2026-01-13,0,0,,0,,,,,,,,,0,,,,,,,2026-01-09,2026-01-09
"ABOS Traffic - #2","JD Painting with Graphic - Copy","Broad JP Cities",2026-01-09,not_delivering,ad,917,929,1.01308615,"7-day click or 1-day view","Landing page views",17,284,16.70588235,2025-12-26,2026-01-13,0,0,15.77777778,305.7050592,,,18,15.77777778,,,17,16.70588235,94.44444444,18,1.96292257,,,10,28.4,2026-01-09,2026-01-09
"ABOS Sales 2.0","Flexible 3 Groups 2.0","Web Retarg 2.0",2026-01-09,not_delivering,ad,2876,3131,1.08866481,"7-day click, 1-day view, or 1-day engaged-view",,,2030,,2026-01-09,Ongoing,0,0,33.83333333,648.3551581,,,60,34.40677966,,,51,39.80392157,85,59,2.05146036,,,11,184.54545455,2026-01-09,2026-01-09
"ABOS Sales 2.0","Black and white photo 2.0 [Redirect]","Web Retarg 2.0",2026-01-09,not_delivering,ad,90,92,1.02222222,"7-day click, 1-day view, or 1-day engaged-view",,,90,,2026-01-09,Ongoing,0,0,90,978.26086957,,,1,90,,,1,90,100,1,1.11111111,,,,,2026-01-09,2026-01-09
"ABOS Traffic - #2","JD Konnichiwa Video - Copy","Broad JP Cities + JD Interest",2026-01-09,not_delivering,ad,128,129,1.0078125,"7-day click or 1-day view","Landing page views",5,30,6,2026-01-09,2026-01-13,0,0,6,232.55813953,,,5,6,,,5,6,100,5,3.90625,,,,,2026-01-09,2026-01-09
"ABOS Sales 2.0","T-Shirt Promo [Post]",Lookalikes+Engagers,2026-01-09,not_delivering,ad,3072,3375,1.09863281,"7-day click, 1-day view, or 1-day engaged-view",,,2596,,2026-01-09,Ongoing,0,0,185.42857143,769.18518519,,,14,185.42857143,,,12,216.33333333,85.71428571,14,0.45572917,,,5,519.2,2026-01-09,2026-01-09
"ABOS Traffic 2.0","JD Konnichiwa Video - Copy","Broad JP Cities + JD Interest",2026-01-09,not_delivering,ad,16,16,1,"7-day click or 1-day view","Landing page views",1,6,6,2026-01-09,Ongoing,0,0,6,375,,,1,6,,,1,6,100,1,6.25,,,1,6,2026-01-09,2026-01-09
"ABOS Sales 2.0","JD painting with graphics 2.0 [redirect]",Lookalikes+Engagers,2026-01-09,not_delivering,ad,441,456,1.03401361,"7-day click, 1-day view, or 1-day engaged-view",,,315,,2026-01-09,Ongoing,0,0,157.5,690.78947368,,,2,157.5,,,1,315,50,2,0.45351474,,,,,2026-01-09,2026-01-09
"ABOS Traffic - #2","Black and white photo","Broad JP Cities + JD Interest",2026-01-09,not_delivering,ad,2,2,1,"7-day click or 1-day view",,,0,,2026-01-09,2026-01-13,0,0,,0,,,,,,,,,0,,,,,,,2026-01-09,2026-01-09
"ABOS Traffic - #2","Hello Tokyo - Copy","Broad JP Cities",2026-01-09,not_delivering,ad,7,7,1,"7-day click or 1-day view",,,1,,2025-12-26,2026-01-13,0,0,,142.85714286,,,,,,,,,0,,,,,,,2026-01-09,2026-01-09
"ABOS Sales 2.0","Coming of Age [Post]",Lookalikes+Engagers,2026-01-09,not_delivering,ad,1177,1216,1.03313509,"7-day click, 1-day view, or 1-day engaged-view",,,741,,2026-01-09,Ongoing,0,0,74.1,609.375,,,10,74.1,,,7,105.85714286,70,10,0.84961767,,,,,2026-01-09,2026-01-09
"ABOS Sales Campaign","JD Painting Video - Copy","Zaiko + InBound (English)",2026-01-09,not_delivering,ad,117,183,1.56410256,"7-day click, 1-day view, or 1-day engaged-view",,,231,,2025-12-06,2026-01-19,0,0,23.1,1262.29508197,,,10,38.5,,,5,46.2,50,6,5.12820513,,,1,231,2026-01-09,2026-01-09
"ABOS Sales Campaign","Poster [Redirect link] + related Media","Zaiko + InBound (English)",2026-01-08,not_delivering,ad,149,173,1.16107383,"7-day click, 1-day view, or 1-day engaged-view",,,102,,2025-12-06,2026-01-19,0,0,102,589.59537572,,,1,102,,,2,51,200,1,0.67114094,,,1,102,2026-01-08,2026-01-08
"ABOS Traffic - #2","JD with Skeleton Confetti","Broad JP Cities",2026-01-08,not_delivering,ad,25414,26571,1.04552609,"7-day click or 1-day view","Landing page views",334,9142,27.37125749,2025-12-26,2026-01-13,0.24213075,0.2994012,22.13559322,344.05931278,9142,1,413,22.51724138,9142,9142,334,27.37125749,80.8716707,406,1.59754466,1,1,35,261.2,2026-01-08,2026-01-08
"ABOS Sales Campaign","JD Konnichiwa Video","Zaiko + InBound (English)",2026-01-08,not_delivering,ad,687,859,1.2503639,"7-day click, 1-day view, or 1-day engaged-view",,,695,,2025-12-06,2026-01-19,0,0,43.4375,809.08032596,,,16,49.64285714,347.5,,10,69.5,62.5,14,2.03784571,2,,5,139,2026-01-08,2026-01-08
"ABOS Sales Campaign",Poster,"Zaiko + InBound (English)",2026-01-08,not_delivering,ad,3629,4451,1.22650868,"7-day click, 1-day view, or 1-day engaged-view",,,3150,,2025-12-06,2026-01-19,0,0,67.0212766,707.70613345,,,47,67.0212766,1575,3150,38,82.89473684,80.85106383,47,1.29512262,2,1,13,242.30769231,2026-01-08,2026-01-08
"ABOS Sales Campaign","Poster [Redirect link]","Zaiko + InBound (English)",2026-01-08,not_delivering,ad,243,271,1.11522634,"7-day click, 1-day view, or 1-day engaged-view",,,141,,2025-12-06,2026-01-19,0,0,47,520.29520295,,,3,47,,,2,70.5,66.66666667,3,1.2345679,,,,,2026-01-08,2026-01-08
"ABOS Sales Campaign","JD Painting Video - Copy","Zaiko + InBound (English)",2026-01-08,not_delivering,ad,408,475,1.16421569,"7-day click, 1-day view, or 1-day engaged-view",,,411,,2025-12-06,2026-01-19,0,0,102.75,865.26315789,,,4,102.75,,,2,205.5,50,4,0.98039216,,,,,2026-01-08,2026-01-08
"ABOS Sales Campaign","JD sitting desk","Zaiko + InBound (English)",2026-01-08,not_delivering,ad,4,5,1.25,"7-day click, 1-day view, or 1-day engaged-view",,,0,,2025-12-06,2026-01-19,0,0,,0,,,,,,,,,0,,,,,,,2026-01-08,2026-01-08
"ABOS Traffic - #2","Hello Tokyo - Copy","Broad JP Cities",2026-01-08,not_delivering,ad,88,89,1.01136364,"7-day click or 1-day view","Landing page views",2,36,18,2025-12-26,2026-01-13,0,0,18,404.49438202,,,2,18,,,2,18,100,2,2.27272727,,,1,36,2026-01-08,2026-01-08
"ABOS Sales Campaign","JD Graffiti Paint - Copy","Zaiko + InBound (English)",2026-01-08,not_delivering,ad,5,5,1,"7-day click, 1-day view, or 1-day engaged-view",,,2,,2025-12-06,2026-01-19,0,0,,400,,,,,,,,,0,,,,,,,2026-01-08,2026-01-08
"ABOS Traffic - #2","JD Painting with Graphic - Copy","Broad JP Cities",2026-01-08,not_delivering,ad,206,208,1.00970874,"7-day click or 1-day view","Landing page views",5,70,14,2025-12-26,2026-01-13,0,0,10,336.53846154,,,7,14,,,5,14,71.42857143,5,2.42718447,,,2,35,2026-01-08,2026-01-08
Sales,"JD Pose with Graphic - Copy","Web Audience Retarg",2026-01-04,not_delivering,ad,0,0,0,"7-day click, 1-day view, or 1-day engaged-view",,,0,,2025-11-27,2026-01-13,0,0,,,,,,,,,,,0,,,,,1,0,2026-01-04,2026-01-04
Sales,"Flexible 3 Groups","Web Audience Retarg",2026-01-03,not_delivering,ad,0,0,0,"7-day click, 1-day view, or 1-day engaged-view",,,0,,2025-11-27,2026-01-13,0,0,,,,,,,,,,,0,,,,,2,0,2026-01-03,2026-01-03
Sales,"Poster [Redirect link] + related Media","Web Audience Retarg",2026-01-03,not_delivering,ad,0,0,0,"7-day click, 1-day view, or 1-day engaged-view",,,0,,2025-11-27,2026-01-13,0,0,,,,,,,,0,,,0,,,,1,,,2026-01-03,2026-01-03
Sales,"Black and white photo","Zaiko Test - Account Engagers - Broad",2026-01-03,not_delivering,ad,0,0,0,"7-day click, 1-day view, or 1-day engaged-view",,,0,,2025-12-08,2025-12-31,0,0,,,,,,,,0,,,0,,,,1,4,0,2026-01-03,2026-01-03
Sales,Poster,"Web Audience Retarg",2026-01-03,not_delivering,ad,0,0,0,"7-day click, 1-day view, or 1-day engaged-view",,,0,,2025-11-27,2026-01-13,0,0,,,,,,,,,,,0,,,,,1,0,2026-01-03,2026-01-03
"ABOS Traffic - #2","JD Photography - Copy 2","Broad JP Cities",2026-01-02,not_delivering,ad,0,0,0,"7-day click or 1-day view",,,0,,2025-12-26,2026-01-13,0,0,,,,,,,,,,,0,,,,,1,0,2026-01-02,2026-01-02
Sales,"Flexible 3 Groups","Web Audience Retarg",2026-01-02,not_delivering,ad,0,0,0,"7-day click, 1-day view, or 1-day engaged-view","Website purchases",2,0,0,2025-11-27,2026-01-13,0,0,,,0,2,,,0,0,,,0,,,4,2,5,0,2026-01-02,2026-01-02
Sales,"Poster [Redirect link] + related Media","Web Audience Retarg",2026-01-02,not_delivering,ad,0,0,0,"7-day click, 1-day view, or 1-day engaged-view",,,0,,2025-11-27,2026-01-13,0,0,,,,,,,,,,,0,,,,,2,0,2026-01-02,2026-01-02
"ABOS Traffic - #2","JD Konnichiwa Video - Copy","Broad JP Cities",2026-01-02,not_delivering,ad,0,0,0,"7-day click or 1-day view",,,0,,2025-12-26,2026-01-13,0,0,,,,,,,,,,,0,,,,,2,0,2026-01-02,2026-01-02
Sales,"Flexible 3 Groups","JD Interest",2026-01-02,not_delivering,ad,0,0,0,"7-day click or 1-day view",,,0,,2025-12-17,2026-01-13,0,0,,,,,,,,,,,0,,,,,1,0,2026-01-02,2026-01-02
Sales,"Black and white photo","Zaiko Test - Account Engagers - Broad",2026-01-02,not_delivering,ad,0,0,0,"7-day click, 1-day view, or 1-day engaged-view",,,0,,2025-12-08,2025-12-31,0,0,,,,,,,,,,,0,,,,,3,0,2026-01-02,2026-01-02
"ABOS Traffic - #2","JD Konnichiwa Video - Copy","Broad JP Cities",2026-01-01,not_delivering,ad,0,0,0,"7-day click or 1-day view",,,0,,2025-12-26,2026-01-13,0,0,,,0,1,,,,,,,0,,,,,2,0,2026-01-01,2026-01-01
"ABOS Sales Campaign","JD Painting Video - Copy","Retarg [engagers] - Jan 14",2026-01-01,not_delivering,ad,0,0,0,"7-day click, 1-day view, or 1-day engaged-view",,,0,,2025-12-06,2026-01-19,0,0,,,,,,,,,,,0,,,,,1,0,2026-01-01,2026-01-01
"ABOS Traffic - #2","JD announcement date post","Broad JP Cities",2026-01-01,not_delivering,ad,3,3,1,"7-day click or 1-day view",,,1,,2025-12-26,2026-01-13,0,0,,333.33333333,,,,,,,,,0,,,,,,,2026-01-01,2026-01-01
Sales,"Black and white photo - Copy","JD Interest",2026-01-01,not_delivering,ad,0,0,0,"7-day click or 1-day view",,,0,,2025-12-17,2026-01-13,0,0,,,,,,,,,,,0,,,,,2,0,2026-01-01,2026-01-01
Sales,"Poster [Redirect link] + related Media","Web Audience Retarg",2026-01-01,not_delivering,ad,0,0,0,"7-day click, 1-day view, or 1-day engaged-view",,,0,,2025-11-27,2026-01-13,0,0,,,,,,,,,,,0,,,,,3,0,2026-01-01,2026-01-01
Sales,"Flexible 3 Groups","Web Audience Retarg",2026-01-01,not_delivering,ad,0,0,0,"7-day click, 1-day view, or 1-day engaged-view",,,0,,2025-11-27,2026-01-13,0,0,,,,,,,0,,,,0,,,2,,2,0,2026-01-01,2026-01-01
Sales,"Black and white photo","Zaiko Test - Account Engagers - Broad",2026-01-01,not_delivering,ad,0,0,0,"7-day click, 1-day view, or 1-day engaged-view",,,0,,2025-12-08,2025-12-31,0,0,,,,,,,,0,,,0,,,,1,1,0,2026-01-01,2026-01-01